trade_id,side,entry_time,entry_price,exit_time,exit_price,qty,leverage,sl_price,exit_reason,r_multiple,fee_paid,funding_paid,tranche_index,liq_price,period,mfe_R,mae_R,post3,post7,fee_R,fund_R,cost_R,gross_R_est
0,short,2022-01-09 16:30:00+00:00,41739.5,2022-01-09 16:30:00+00:00,42000.0,0.3071017274472168,14.0,42000.0,sl,-1.201,16.106841,0.0,0,44705.99,2022,0.0,-0.6530779581452958,-0.013428571428571429,-0.004761904761904762,0.080534205,0.0,0.080534205,-1.120465795
1,short,2022-01-10 12:30:00+00:00,41464.5,2022-01-10 16:00:00+00:00,41442.6,0.1077241947987385,14.5,41442.6,sl,0.97,3.035593,0.149808,0,44309.82,2022,2.9336180200934048,-1.014080172184816,-0.038943019984267434,-0.021473073600594594,0.015177965,0.00074904,0.015927005,0.985927005
2,short,2022-01-18 20:30:00+00:00,41611.0,2022-01-18 21:00:00+00:00,42240.59,0.1268213375957059,15.0,42240.59,sl,-1.084,6.680291,0.0,0,44371.2,2022,0.14701263081278854,-1.071899786200936,0.16994530616167997,0.1295102648897659,0.033401455000000004,0.0,0.033401455000000004,-1.0505985450000002
3,short,2022-01-23 04:30:00+00:00,35203.0,2022-01-23 09:30:00+00:00,36108.82,0.0873838278147344,13.333333333333332,36108.82,sl,-1.054,3.928328,0.309881,0,37830.02,2022,0.50986241153289,-1.7950212241232835,-0.02857141274624871,-0.06455984992032418,0.019641640000000002,0.001549405,0.021191045000000002,-1.0328089550000001
4,short,2022-01-23 20:30:00+00:00,35072.0,2022-01-23 23:00:00+00:00,36028.5,0.0820558898065949,12.0,36028.5,sl,-1.353,3.704921,0.0,0,37980.05,2022,0.031626040428728894,-2.953680503070984,-0.030864454529053387,-0.06693312238921964,0.018524605,0.0,0.018524605,-1.334475395
5,long,2022-02-16 12:30:00+00:00,44089.0,2022-02-16 13:30:00+00:00,43658.0,0.1801324382689352,14.5,43658.0,sl,-1.127,9.845805,0.0,0,41063.58,2022,0.09300814796090713,-0.829449712962844,-0.12146685601722479,-0.12231435246690182,0.049229025,0.0,0.049229025,-1.077770975
6,long,2022-03-27 00:30:00+00:00,44498.0,2022-03-27 04:30:00+00:00,44517.3,0.2082198046211933,14.0,44517.3,sl,0.252,8.964462,0.0,0,41335.46,2022,0.632987219411922,-0.03550166982381901,0.022321659220123347,0.04634602727478973,0.04482231,0.0,0.04482231,0.29682231
7,long,2022-03-27 04:30:00+00:00,44561.0,2022-03-27 20:00:00+00:00,44686.55,0.1652626640931156,15.5,44686.55,sl,0.424,7.137174,1.477349,1,41700.47,2022,0.6615094906720751,-0.21572601406181696,0.018449622984992062,0.04238299891130546,0.03568587,0.007386745,0.043072615,0.46707261499999997
8,long,2022-03-27 08:30:00+00:00,44590.0,2022-03-27 20:00:00+00:00,44686.55,0.2148915131225568,15.5,44686.55,sl,0.401,9.280989,0.641867,1,41727.61,2022,0.6173590852966864,-0.2593058917485471,0.018449622984992062,0.04238299891130546,0.046404945,0.003209335,0.049614280000000004,0.45061428000000003
9,long,2022-03-27 16:30:00+00:00,44804.0,2022-03-27 20:30:00+00:00,46049.99,0.139401956828624,15.0,44804.0,tp3,1.956,2.521465,0.0,2,41832.0,2022,3.093057264858139,-0.22355834705984123,-0.011704454224637138,0.011520306519067693,0.012607325,0.0,0.012607325,1.968607325
10,long,2022-03-29 04:30:00+00:00,47561.5,2022-03-30 01:30:00+00:00,46802.5,0.0774433992207898,14.083333333333332,46802.5,sl,-1.096,4.542437,1.100436,1,44201.24,2022,0.7165950871106336,-1.4989133922698754,-0.008354254580417712,-0.0721222156936061,0.022712185,0.00550218,0.028214364999999998,-1.0677856350000001
11,long,2022-03-29 08:30:00+00:00,47473.5,2022-03-30 01:30:00+00:00,46802.5,0.0875861218233859,14.416666666666668,46802.5,sl,-1.101,5.135816,0.828757,2,44197.01,2022,0.8425333961438085,-1.3770818953779054,-0.008354254580417712,-0.0721222156936061,0.02567908,0.004143785,0.029822865,-1.071177135
12,long,2022-03-29 00:30:00+00:00,47338.5,2022-03-31 14:00:00+00:00,46488.44,0.0922047907885079,14.75,46488.44,sl,-0.414,3.258307,1.313613,0,44145.16,2022,1.0366443325347101,-1.6167391405352982,0.0019802772474188783,-0.09104284850169207,0.016291535,0.006568065,0.0228596,-0.3911404
13,short,2022-04-21 00:30:00+00:00,41491.5,2022-04-21 01:30:00+00:00,41745.0,0.3040908273058311,14.166666666666668,41745.0,sl,-0.892,12.667314,0.0,0,44405.67,2022,0.06885749263934109,-0.4155752202821409,0.03221942747634447,0.07600910288657324,0.06333657,0.0,0.06333657,-0.82866343
14,short,2022-04-23 12:30:00+00:00,39712.5,2022-04-23 16:00:00+00:00,40006.17,0.2606199774731398,17.166666666666664,40006.17,sl,-1.184,13.017702,1.038962,0,42014.28,2022,0.15742624288165635,-0.5679194030838247,0.020001164820326423,0.03898573645015252,0.06508851,0.005194809999999999,0.07028332,-1.11371668
15,short,2022-04-24 12:30:00+00:00,39567.5,2022-04-24 14:30:00+00:00,39794.0,0.2505214013400084,16.5,39794.0,sl,-1.219,12.450212,0.0,1,41953.54,2022,0.36782453929613373,-0.5895386380404545,0.0014952002814494648,0.03181384128260542,0.062251060000000004,0.0,0.062251060000000004,-1.1567489400000002
16,short,2022-04-24 00:30:00+00:00,39632.5,2022-04-24 18:00:00+00:00,39608.5,0.1824599390942064,15.833333333333332,39608.5,sl,-0.25,5.455441,0.192524,0,42123.09,2022,1.35948202086668,-0.47832056130306144,-0.0031811353623590896,0.027279498087531717,0.027277205000000002,0.00096262,0.028239825000000003,-0.221760175
17,short,2022-04-25 04:30:00+00:00,39090.0,2022-04-25 11:00:00+00:00,38791.3,0.110127064873965,17.916666666666668,38791.3,sl,0.567,4.133338,0.282336,0,41260.86,2022,1.7506668879661924,-0.22958156143760974,0.00565332948367296,0.027269001038892814,0.02066669,0.0014116799999999998,0.02207837,0.58907837
18,short,2022-05-01 04:30:00+00:00,37958.5,2022-05-01 15:30:00+00:00,38541.89,0.1293256581142555,17.916666666666668,38541.89,sl,-1.089,6.21548,0.491172,0,40066.52,2022,0.24528000212898954,-1.224629035900334,0.0523038698932512,0.21997857396199302,0.0310774,0.00245586,0.03353326,-1.05546674
19,short,2022-05-07 20:30:00+00:00,35803.0,2022-05-07 22:30:00+00:00,34807.0,0.1688886408402498,16.5,35803.0,tp3,1.957,2.39626,0.0,2,37962.03,2022,1.988373432091684,-0.012204369507644896,0.16489499238658892,0.10031028241445686,0.011981299999999999,0.0,0.011981299999999999,1.9689813
20,short,2022-05-07 00:30:00+00:00,35957.0,2022-05-07 23:30:00+00:00,35716.65,0.1245439015037119,18.0,35716.65,sl,1.081,3.034686,0.895147,0,37944.62,2022,2.2677687208350186,-0.3327805707408354,0.18616387595141204,0.12322404256838201,0.015173430000000002,0.004475735,0.019649165000000003,1.1006491649999999
21,short,2022-05-07 04:30:00+00:00,35861.5,2022-05-07 23:30:00+00:00,35716.65,0.1229781347901615,17.5,35716.65,sl,1.037,2.996171,0.883893,1,37900.48,2022,2.094789993796089,-0.5126846204055753,0.18616387595141204,0.12322404256838201,0.014980855,0.004419465,0.01940032,1.0564003199999998
22,short,2022-05-08 12:30:00+00:00,34679.5,2022-05-08 18:30:00+00:00,34500.3,0.0855418597892868,12.75,34500.3,sl,0.425,2.851815,0.294384,0,37385.86,2022,1.9645918395248803,-0.04749136661900303,0.159340643414695,0.13467419123891683,0.014259075000000001,0.0014719199999999998,0.015730995,0.440730995
23,short,2022-05-08 16:30:00+00:00,34414.0,2022-05-09 09:00:00+00:00,33720.1,0.0577662564141457,12.0,33720.1,sl,0.759,1.889805,0.325125,1,37267.49,2022,2.507160452331193,-0.7012626430751058,0.13201621584752118,0.09773399248519425,0.009449025,0.001625625,0.01107465,0.77007465
24,short,2022-05-10 08:30:00+00:00,31907.0,2022-05-10 17:30:00+00:00,31523.6,0.0913540925922919,12.833333333333332,31523.6,sl,0.597,2.787997,0.189739,0,34380.83,2022,2.2532855238673153,-1.0081319524735957,0.04607976246367796,0.08976132167645823,0.013939984999999998,0.0009486949999999999,0.014888679999999998,0.61188868
25,short,2022-05-10 12:30:00+00:00,31768.0,2022-05-10 17:30:00+00:00,31523.6,0.0646679083670566,12.0,31523.6,sl,0.479,1.970958,0.134313,1,34402.1,2022,1.969009962125393,-1.306677755628619,0.04607976246367796,0.08976132167645823,0.00985479,0.0006715649999999999,0.010526355000000001,0.48952635499999997
26,short,2022-05-11 04:30:00+00:00,31329.5,2022-05-11 05:00:00+00:00,31789.0,0.1697109253039811,17.666666666666668,31789.0,sl,-1.086,6.728079,0.0,0,33094.0,2022,0.5997216930922945,-1.324966531250418,0.014895089496366668,0.046525527698260405,0.033640395000000003,0.0,0.033640395000000003,-1.0523596050000001
27,short,2022-05-12 16:30:00+00:00,29578.0,2022-05-12 18:00:00+00:00,28672.6,0.1782329145109109,12.0,28672.6,sl,1.65,3.530437,0.0,0,32030.51,2022,2.750033445822386,-0.8568286025413548,-0.04120309982352495,-0.01787071978125463,0.017652185,0.0,0.017652185,1.667652185
28,short,2022-05-28 12:30:00+00:00,28886.0,2022-05-28 12:30:00+00:00,28946.05,1.3043065770267377,16.166666666666668,28946.05,sl,-1.602,47.17749,0.0,0,30663.83,2022,0.024435616591285677,-0.31184501173640766,-0.029121417257276926,-0.033007957907901106,0.23588745,0.0,0.23588745,-1.36611255
29,short,2022-06-04 12:30:00+00:00,29588.5,2022-06-04 14:30:00+00:00,29925.46,0.1720727158789009,13.833333333333334,29925.46,sl,-1.111,6.425098,0.0,1,31716.73,2022,0.27376978061178303,-0.9349067611763381,-0.008906797088499254,0.11221080645042714,0.03212549,0.0,0.03212549,-1.07887451
30,short,2022-06-04 08:30:00+00:00,29716.0,2022-06-05 16:00:00+00:00,30014.17,0.2593170768384952,13.833333333333334,30014.17,sl,0.057,5.774281,0.82329,0,31853.4,2022,0.5610256804807985,-1.086987255931547,-0.0028596492923176537,0.25113704626847916,0.028871405000000003,0.00411645,0.032987855,0.089987855
31,short,2022-06-17 08:30:00+00:00,21217.0,2022-06-17 10:00:00+00:00,20745.9,0.2553767355013998,17.833333333333332,20745.9,sl,1.31,5.148379,0.0,0,22400.79,2022,1.1089334352262776,-0.4372366116035038,0.0014653497799565916,-0.0351924958666531,0.025741895,0.0,0.025741895,1.335741895
32,short,2022-06-17 20:30:00+00:00,20675.0,2022-06-18 06:30:00+00:00,19059.5,0.1441905224840023,13.0,20675.0,tp3,1.981,1.161397,0.298193,0,22257.43,2022,5.485181143934433,-0.30726118441126493,-0.04829612529184921,-0.10349169705396259,0.005806985,0.001490965,0.007297949999999999,1.9882979500000002
33,short,2022-06-18 04:30:00+00:00,20442.0,2022-06-18 06:30:00+00:00,19344.9,0.1592276474301678,18.0,20442.0,tp3,1.978,1.278681,0.0,1,21571.99,2022,4.781480980448501,-0.2976093732672554,-0.03283035838903269,-0.08721161649840518,0.006393405,0.0,0.006393405,1.984393405
34,short,2022-06-20 00:30:00+00:00,20320.5,2022-06-20 03:30:00+00:00,20144.45,0.1597571742582653,12.0,20144.45,sl,0.529,3.113127,0.0,0,22005.41,2022,2.3041361670943097,-0.09924491746278433,-0.05398757474142998,-0.006406230996626826,0.015565635,0.0,0.015565635,0.544565635
35,short,2022-06-29 12:30:00+00:00,20075.0,2022-06-30 16:00:00+00:00,19165.85,0.1487846699088661,12.833333333333332,19165.85,sl,1.527,1.977645,0.882851,0,21631.46,2022,4.599329456659188,-1.1988059304579464,-0.05502756204394804,-0.1264827805706505,0.009888225,0.004414255000000001,0.014302480000000001,1.54130248
36,short,2022-06-29 16:30:00+00:00,20006.0,2022-06-30 16:00:00+00:00,19165.85,0.1124341654264776,12.5,19165.85,sl,1.492,1.49198,0.44222,1,21598.48,2022,4.383340710198811,-1.434792244733532,-0.05502756204394804,-0.1264827805706505,0.0074599,0.0022111,0.009671,1.501671
37,short,2022-07-01 16:30:00+00:00,19395.0,2022-07-03 05:00:00+00:00,19260.45,0.1664958854185824,13.0,19260.45,sl,0.462,3.100411,1.281794,0,20879.46,2022,2.1420031303548175,-1.0346083081082733,-0.12126144508565476,-0.0362945829406893,0.015502054999999999,0.006408970000000001,0.021911025,0.48391102500000005
38,short,2022-07-02 00:30:00+00:00,19308.5,2022-07-03 05:00:00+00:00,19260.45,0.159399329521313,16.5,19260.45,sl,0.353,2.965717,0.919383,1,20472.86,2022,1.8504448343618674,-0.4926395937200455,-0.12126144508565476,-0.0362945829406893,0.014828585,0.004596915,0.0194255,0.37242549999999996
39,short,2022-07-03 08:30:00+00:00,19052.0,2022-07-03 19:30:00+00:00,19389.5,0.1828839142674577,17.0,19389.5,sl,-1.077,4.42019,0.348979,1,20167.1,2022,0.4445814953952623,-1.8330165623637997,-0.1137987054849274,-0.02939735423811857,0.022100949999999998,0.001744895,0.023845844999999997,-1.0531541549999999
40,short,2022-07-03 12:30:00+00:00,19091.0,2022-07-03 19:30:00+00:00,19389.5,0.2067642877724135,17.833333333333332,19389.5,sl,-1.087,4.998976,0.394548,2,20156.17,2022,0.48944909817374455,-1.6919445444063614,-0.1137987054849274,-0.02939735423811857,0.02499488,0.00197274,0.02696762,-1.06003238
41,short,2022-07-02 04:30:00+00:00,19181.0,2022-07-04 11:30:00+00:00,19693.5,0.1197366801002159,13.0,19693.5,sl,-0.571,1.744788,1.149019,2,20649.08,2022,1.4158965703946849,-2.3586593858307503,-0.09630080991189986,0.018787924949856552,0.00872394,0.005745095,0.014469035,-0.556530965
42,short,2022-07-12 12:30:00+00:00,19891.0,2022-07-13 02:00:00+00:00,19517.9,0.1928602829861544,14.583333333333332,19517.9,sl,0.873,3.652545,0.633048,0,21248.13,2022,2.2693987412575782,-0.38527394862749653,-0.06563718432823196,-0.18575768909565057,0.018262725,0.00316524,0.021427965,0.894427965
43,long,2022-07-29 08:30:00+00:00,23929.5,2022-07-30 19:30:00+00:00,24290.75,0.1251622676560615,12.0,24290.75,sl,-0.155,2.241558,0.595075,0,21945.35,2022,2.150467982098902,-1.4369227600830679,-0.060835914905879813,-0.046262466165104,0.01120779,0.002975375,0.014183165000000001,-0.140816835
44,long,2022-07-30 12:30:00+00:00,24155.0,2022-07-30 19:30:00+00:00,24290.75,0.1172124099672013,13.5,24290.75,sl,0.459,2.7521,0.19158,1,22374.69,2022,1.5028240205110808,-0.8599493006257851,-0.060835914905879813,-0.046262466165104,0.0137605,0.0009579,0.0147184,0.47371840000000004
45,long,2022-08-09 00:30:00+00:00,23821.0,2022-08-09 09:30:00+00:00,23518.62,0.2700178266649207,14.166666666666668,23518.62,sl,-1.105,7.954388,0.643155,0,22147.93,2022,0.2511605512389954,-0.9905320616279482,0.03832622832462113,-0.00814758689072739,0.03977194,0.003215775,0.042987714999999996,-1.062012285
46,long,2022-08-15 04:30:00+00:00,24753.0,2022-08-15 06:30:00+00:00,24109.0,0.125661765966184,12.583333333333334,24109.0,sl,-1.047,3.80316,0.0,0,22795.71,2022,0.6001859738373186,-1.8820311306301438,-0.13646356132564602,-0.10753245675888673,0.0190158,0.0,0.0190158,-1.0279842
47,short,2022-08-28 00:30:00+00:00,19973.0,2022-08-29 03:00:00+00:00,19832.45,0.1928075322426295,16.666666666666668,19832.45,sl,0.5,3.698261,1.027002,0,21165.39,2022,1.5549630860490982,-0.6765099140603219,-0.005448141807996454,0.052941013339249596,0.018491305,0.00513501,0.023626315,0.523626315
48,short,2022-08-28 04:30:00+00:00,19957.0,2022-08-29 03:00:00+00:00,19832.45,0.1989914628442292,17.166666666666664,19832.45,sl,0.527,3.817536,1.059941,1,21113.73,2022,1.5023150273169297,-0.6012628528611478,-0.005448141807996454,0.052941013339249596,0.01908768,0.005299705,0.024387384999999998,0.5513873850000001
49,short,2022-08-29 00:30:00+00:00,19643.5,2022-08-29 14:00:00+00:00,20135.5,0.1228498673280787,13.0,20135.5,sl,-1.055,3.079966,0.243433,2,21146.98,2022,0.24468569533455406,-2.460545663574047,0.009684388269474311,0.0671947555312756,0.015399830000000002,0.001217165,0.016616995000000002,-1.038383005
50,short,2022-08-30 20:30:00+00:00,19947.0,2022-08-31 06:00:00+00:00,20497.0,0.1460228849966514,12.25,20497.0,sl,-0.784,2.311288,0.291155,0,21567.18,2022,0.7279433341443858,-1.8619846857165423,0.024906083817143973,0.058179245743279505,0.01155644,0.001455775,0.013012214999999999,-0.770987785
51,short,2022-09-07 16:30:00+00:00,18878.5,2022-09-07 20:00:00+00:00,19244.41,0.2181089391607578,16.833333333333332,19244.41,sl,-1.066,5.230761,0.0,0,19994.39,2022,0.02848681615315495,-1.3192956730929886,-0.13331611621244818,-0.023284164076737095,0.026153805000000002,0.0,0.026153805000000002,-1.039846195
52,long,2022-11-05 20:30:00+00:00,21329.0,2022-11-06 22:00:00+00:00,21093.67,0.2521286698139891,15.0,21093.67,sl,-1.139,6.659765,1.605934,2,19914.18,2022,0.13710085801906502,-0.9266126955771291,-0.1659109107139724,-0.21267849549177542,0.033298825000000004,0.00802967,0.04132849500000001,-1.097671505
53,long,2022-11-05 16:30:00+00:00,21329.5,2022-11-06 23:00:00+00:00,20999.4,0.179758372400907,14.666666666666666,20999.4,sl,-0.785,3.324307,1.144971,1,19882.49,2022,0.13552180915009399,-1.2401821372223716,-0.1621665380915646,-0.2091440707829748,0.016621535,0.005724855,0.02234639,-0.76265361
54,long,2022-11-05 12:30:00+00:00,21300.5,2022-11-06 23:30:00+00:00,20883.31,0.1896689654291876,15.5,20883.31,sl,-0.591,3.254559,1.612651,0,19933.15,2022,0.2272291837621662,-1.3444393372594832,-0.1575090347267747,-0.20474771480191603,0.016272795,0.008063255,0.024336049999999998,-0.5666639499999999
55,short,2022-11-22 12:30:00+00:00,15766.0,2022-11-22 13:00:00+00:00,16016.43,0.2330942314655462,17.833333333333332,16016.43,sl,-1.08,4.654997,0.0,1,16645.65,2022,0.023451065370975088,-1.498736268708681,-0.027007891271650406,-0.07055692186086411,0.023274984999999998,0.0,0.023274984999999998,-1.056725015
56,short,2022-11-22 00:30:00+00:00,15920.5,2022-11-22 15:30:00+00:00,16263.64,0.2268515613177772,15.833333333333332,16263.64,sl,-1.064,4.596222,0.356248,0,16920.98,2022,1.2688467840486666,-1.585530673578284,-0.011397202594253229,-0.05428428076371591,0.02298111,0.0017812400000000001,0.02476235,-1.03923765
57,short,2022-11-29 16:30:00+00:00,16380.0,2022-11-30 00:30:00+00:00,16547.0,0.4591277699125814,14.833333333333332,16547.0,sl,-1.134,9.481149,0.754875,0,17478.75,2022,0.11901604398407153,-2.134080788679903,-0.033178219616848977,-0.0400374690276183,0.047405745,0.003774375,0.051180119999999996,-1.08281988
0,long,2023-01-15 04:30:00+00:00,20717.0,2023-01-15 18:00:00+00:00,20779.55,0.3138586973935675,14.5,20779.55,sl,0.405,6.304546,1.086401,0,19295.39,2023,1.1324524376286391,-0.4672583123739944,0.013424256059443094,0.10245409549292457,0.03152273,0.005432005,0.036954735,0.44195473500000004
1,long,2023-01-16 04:30:00+00:00,21066.0,2023-01-16 08:00:00+00:00,20642.5,0.1895133589982844,15.5,20642.5,sl,-1.066,4.906089,0.394368,0,19713.7,2023,0.7467155365688583,-1.3897205819475975,0.09756570182875136,0.096330386338864,0.024530444999999998,0.00197184,0.026502284999999997,-1.039497715
2,long,2023-01-16 16:30:00+00:00,20971.5,2023-01-16 23:00:00+00:00,21093.9,0.2141976652045996,13.666666666666666,21093.9,sl,0.498,4.365969,0.0,0,19444.67,2023,1.6556260120461035,-0.19072555221053855,0.0740782880358776,0.07286940774347078,0.021829845,0.0,0.021829845,0.519829845
3,long,2023-01-17 08:30:00+00:00,21190.5,2023-01-17 14:30:00+00:00,21190.5,0.2182828732113155,15.0,21190.5,be,0.277,4.476665,0.0,0,19784.86,2023,1.3831417640796486,-0.6519165883448803,0.07508081451593875,0.08805832802435054,0.022383325,0.0,0.022383325,0.29938332500000003
4,long,2023-01-17 12:30:00+00:00,21286.0,2023-01-17 14:30:00+00:00,21286.0,0.1977329969261926,15.0,21286.0,be,0.265,4.072641,0.0,1,19874.03,2023,1.075336701079746,-0.9505913275330501,0.07025744620877572,0.08317673588273983,0.020363205,0.0,0.020363205,0.285363205
5,long,2023-01-17 20:30:00+00:00,21355.5,2023-01-18 15:30:00+00:00,20985.0,0.2164533049779849,15.5,20985.0,sl,-0.694,4.006525,0.572562,0,19984.61,2023,0.9994369360485535,-1.7486211589762881,0.08189182749583035,0.09628305932809149,0.020032625,0.00286281,0.022895435,-0.6711045649999999
6,long,2023-01-22 00:30:00+00:00,22925.0,2023-01-22 20:30:00+00:00,22367.6,0.1430745357139338,14.166666666666668,22367.6,sl,-0.283,2.455394,0.408794,0,21314.86,2023,0.46330731015310267,-1.900146436577282,0.028518929165400022,0.020695112573543943,0.01227697,0.00204397,0.01432094,-0.26867905999999997
7,long,2023-01-23 12:30:00+00:00,22869.0,2023-01-23 14:30:00+00:00,22602.0,0.2980142048975719,14.5,22602.0,sl,-1.106,8.43556,0.0,0,21299.71,2023,0.8553960186031018,-1.203727387003334,0.020529156711795418,0.023360764534112025,0.0421778,0.0,0.0421778,-1.0638222000000002
8,long,2023-01-24 08:30:00+00:00,23070.0,2023-01-24 09:30:00+00:00,22782.1,0.2054131337855352,15.333333333333332,22782.1,sl,-1.099,5.861506,0.0,2,21572.96,2023,0.023311155559052263,-0.8741683334644598,0.01053019695287096,0.041585279671320974,0.029307530000000002,0.0,0.029307530000000002,-1.06969247
9,long,2023-01-24 00:30:00+00:00,22973.5,2023-01-24 23:00:00+00:00,22459.5,0.1534353110578428,15.333333333333332,22459.5,sl,-1.064,4.323374,0.706063,0,21482.72,2023,0.5618177730835988,-1.5289051376884393,0.025045081146062912,0.05654622765422204,0.02161687,0.003530315,0.025147185,-1.038852815
10,long,2023-01-24 04:30:00+00:00,23105.0,2023-01-24 23:00:00+00:00,22650.0,0.1299891922581452,15.5,22650.0,sl,-1.073,3.692148,0.598171,1,21621.81,2023,0.17602356472740643,-1.9028001873012201,0.01642384105960265,0.047660044150110374,0.01846074,0.002990855,0.021451595,-1.051548405
11,long,2023-01-30 04:30:00+00:00,23739.5,2023-01-30 09:00:00+00:00,23309.85,0.179606439176174,15.333333333333332,23309.85,sl,-1.074,5.248683,0.423,0,22199.01,2023,0.012742726333552784,-1.468245245321582,0.005304624439882773,-0.00280353584428894,0.026243415,0.002115,0.028358414999999998,-1.045641585
12,long,2023-03-21 12:30:00+00:00,27950.0,2023-03-22 18:00:00+00:00,28313.72,0.1163034187973506,14.166666666666668,28313.72,sl,0.645,3.177036,1.202386,0,25986.92,2023,2.277663576626686,-0.5822833705399337,-0.012789559266673634,-0.01079406026477632,0.015885180000000002,0.0060119299999999995,0.02189711,0.6668971100000001
13,long,2023-03-21 20:30:00+00:00,28120.1,2023-03-22 18:00:00+00:00,28313.72,0.1391800570396049,18.0,28313.72,sl,0.562,3.805987,1.047873,2,26565.68,2023,1.8572470221958932,-0.5596364112447613,-0.012789559266673634,-0.01079406026477632,0.019029935,0.005239365,0.0242693,0.5862693000000001
14,long,2023-03-21 16:30:00+00:00,28094.5,2023-03-22 18:30:00+00:00,28313.72,0.071509946846774,12.0,28313.72,sl,0.471,1.956867,0.606554,1,25765.0,2023,1.9201941567510405,-0.8922621819968422,-0.012789559266673634,-0.01079406026477632,0.009784335,0.00303277,0.012817105,0.48381710499999997
15,long,2023-03-30 12:30:00+00:00,28594.0,2023-03-30 16:00:00+00:00,28054.2,0.1433363232234788,18.0,28054.2,sl,-1.07,5.041957,0.404485,0,27013.39,2023,0.2075903689471102,-1.3847194485826604,-0.009463823598605555,-0.0060596987260374555,0.025209785,0.002022425,0.02723221,-1.04276779
16,long,2023-04-02 04:30:00+00:00,28451.3,2023-04-02 11:00:00+00:00,28314.6,0.4207955163507275,16.5,28314.6,sl,-0.699,9.335157,1.194883,1,26735.6,2023,0.07773474763362363,-0.402377736231169,-0.010330359602466572,0.04638949517210203,0.046675785000000004,0.005974414999999999,0.0526502,-0.6463498
17,long,2023-04-02 00:30:00+00:00,28443.1,2023-04-02 13:00:00+00:00,28182.5,0.2943606759852484,16.5,28182.5,sl,-0.328,6.285662,0.835861,0,26727.89,2023,0.19356569159746817,-0.7636272888295552,-0.0056914752062450615,0.051294242881220566,0.03142831,0.0041793049999999995,0.035607615,-0.29239238500000003
18,long,2023-04-12 00:30:00+00:00,30295.9,2023-04-12 15:00:00+00:00,29653.33,0.088914764534465,15.833333333333332,29653.33,sl,-0.492,2.335853,0.266567,1,28392.04,2023,0.4084993218776456,-1.4775649018920531,0.021669404414276564,-0.047810144762831124,0.011679265000000001,0.001332835,0.013012100000000002,-0.47898789999999997
19,long,2023-04-13 04:30:00+00:00,30086.0,2023-04-13 19:30:00+00:00,30298.08,0.1609091482526514,15.833333333333332,30298.08,sl,0.636,4.707428,0.809187,1,28195.33,2023,1.1484711177795757,-0.24421769099865137,-0.02892196469215219,-0.10049745726461877,0.02353714,0.004045935,0.027583075000000002,0.663583075
20,long,2023-04-13 12:30:00+00:00,30177.4,2023-04-13 19:30:00+00:00,30298.08,0.2226981545725961,17.833333333333332,30298.08,sl,0.526,6.519046,0.450495,2,28493.67,2023,0.941388921869608,-0.1082619536272247,-0.02892196469215219,-0.10049745726461877,0.03259523,0.002252475,0.034847705,0.560847705
21,long,2023-04-13 20:30:00+00:00,30233.0,2023-04-14 01:30:00+00:00,30935.44,0.2449684001037836,17.833333333333332,30379.9,tp3,1.935,2.985395,0.744461,1,28546.17,2023,1.593815927753158,-0.02890570181471969,-0.017873998236326967,-0.10138016462671932,0.014926975,0.0037223050000000004,0.01864928,1.95364928
22,long,2023-04-11 20:30:00+00:00,30061.8,2023-04-14 08:30:00+00:00,30664.78,0.1201032983307719,16.5,30664.78,sl,-0.021,2.709123,0.814366,0,28248.98,2023,2.2359546829841435,-0.9655817902915792,-0.009205348937771569,-0.09344857520582239,0.013545615,0.00407183,0.017617445000000002,-0.003382554999999999
23,long,2023-04-14 00:30:00+00:00,30390.1,2023-04-14 08:30:00+00:00,30664.78,0.1625352159783846,17.5,30664.78,sl,0.763,4.809887,0.332537,2,28662.21,2023,1.4855934240703053,-0.04224960452611759,-0.009205348937771569,-0.09344857520582239,0.024049434999999997,0.0016626850000000001,0.025712119999999998,0.78871212
24,long,2023-04-14 12:30:00+00:00,30804.5,2023-04-14 15:00:00+00:00,30313.94,0.1188079243896622,18.0,30313.94,sl,-1.077,4.513577,0.0,1,29101.7,2023,0.06110338605124819,-1.441385231673194,0.002261665755094894,-0.08295655398143555,0.022567885,0.0,0.022567885,-1.054432115
25,long,2023-04-14 04:30:00+00:00,30704.2,2023-04-14 15:30:00+00:00,30101.97,0.0965263088616466,17.0,30101.97,sl,-1.068,3.643666,0.296231,2,28907.1,2023,0.782707814615641,-1.3885127161657063,0.009319323619018915,-0.07649897996709186,0.01821833,0.001481155,0.019699485000000003,-1.048300515
26,long,2023-04-18 16:30:00+00:00,30189.4,2023-04-19 08:00:00+00:00,29543.9,0.1188494709191099,13.5,29543.9,sl,-0.401,3.109969,0.17705,0,27964.33,2023,0.6377345440172534,-2.879157700468977,-0.06671766422171758,-0.0029007680096399162,0.015549845,0.0008852500000000001,0.016435095,-0.384564905
27,long,2023-04-18 20:30:00+00:00,30259.0,2023-04-19 08:00:00+00:00,29630.49,0.0915385452982203,13.666666666666666,29630.49,sl,-1.652,3.366643,0.54546,1,28056.0,2023,0.4816439578985673,-3.0271589346521646,-0.06944502099020307,-0.005814618658010747,0.016833215,0.0027272999999999998,0.019560514999999997,-1.632439485
28,long,2023-04-19 00:30:00+00:00,30313.2,2023-04-19 08:00:00+00:00,29708.67,0.0951601412696737,14.666666666666666,29708.67,sl,-1.738,3.504777,0.278579,2,28256.72,2023,0.10822047782347949,-3.1419420692686053,-0.07189382762675,-0.008430872199933472,0.017523885,0.0013928950000000001,0.01891678,-1.71908322
29,long,2023-07-04 16:30:00+00:00,31036.8,2023-07-04 16:30:00+00:00,30850.0,0.4010224528171031,16.0,30850.0,sl,-1.207,15.479411,0.0,0,29106.7,2023,0.0465675009708947,-0.6049443265660864,-0.01875850891410051,-0.01563047001620748,0.077397055,0.0,0.077397055,-1.129602945
30,long,2023-07-14 12:30:00+00:00,31189.1,2023-07-14 17:00:00+00:00,30838.16,0.2113993769589785,17.0,30838.16,sl,-1.119,8.163797,0.658729,0,29363.62,2023,0.371582993129176,-0.7955410833177329,-0.03201098898248144,-0.03450789541269647,0.040818985,0.003293645,0.04411263,-1.07488737
31,short,2023-08-21 12:30:00+00:00,26034.7,2023-08-21 14:00:00+00:00,26174.6,0.3940652581302197,15.333333333333332,26174.6,sl,-1.234,12.8821,0.0,1,27724.13,2023,0.17454826179733715,-0.40693500087661527,0.004916980584230402,-0.058377205382317214,0.0644105,0.0,0.0644105,-1.1695895
32,short,2023-08-21 16:30:00+00:00,25993.6,2023-08-21 21:30:00+00:00,26192.3,0.275376439877323,15.5,26192.3,sl,-0.75,6.289233,0.0,1,27662.22,2023,0.08042949974725201,-0.7398996745237958,0.005589428954310916,-0.05766198462907035,0.031446165,0.0,0.031446165,-0.718553835
33,short,2023-08-21 04:30:00+00:00,26044.0,2023-08-22 17:00:00+00:00,26017.65,0.2795581093484489,14.0,26017.65,sl,-0.297,5.470334,1.504222,0,27894.98,2023,0.6935557709808856,-0.6083777269080567,0.0003516843373633458,-0.048622761855893946,0.02735167,0.00752111,0.03487278,-0.26212722
34,short,2023-08-22 04:30:00+00:00,26010.1,2023-08-22 18:30:00+00:00,25990.65,0.2016225123079677,14.0,25990.65,sl,-0.156,4.220454,0.656086,1,27858.67,2023,0.7864685139946302,-0.23286497900400288,-0.0006867854401486128,-0.0497121080080721,0.02110227,0.0032804299999999995,0.0243827,-0.1316173
35,short,2023-08-22 20:30:00+00:00,25834.7,2023-08-22 22:30:00+00:00,25834.7,0.215818391718238,15.5,25834.7,be,0.93,3.799136,0.0,1,27493.12,2023,1.4764111580221515,-0.14805744605473561,-0.006727386035061343,-0.0560486477489578,0.01899568,0.0,0.01899568,0.94899568
36,short,2023-08-22 16:30:00+00:00,25850.0,2023-08-22 23:00:00+00:00,25850.0,0.21695211235717,14.0,25850.0,be,0.93,3.821422,0.0,2,27687.2,2023,1.5153253222537375,-0.5045016518229357,-0.006131528046421663,-0.05542359767891686,0.01910711,0.0,0.01910711,0.94910711
37,short,2023-09-05 00:30:00+00:00,25757.9,2023-09-05 07:00:00+00:00,25715.31,0.3750847118855687,15.333333333333332,25715.31,sl,0.351,9.323285,0.0,0,27429.36,2023,0.5634606599021589,-0.08377529959637962,-0.006781563201065801,-0.019151626015785846,0.046616425,0.0,0.046616425,0.397616425
38,short,2023-09-05 04:30:00+00:00,25679.0,2023-09-06 17:30:00+00:00,25679.0,0.2136778181171612,15.5,25679.0,be,-0.524,4.128242,1.650595,1,27327.43,2023,0.8811653566842187,-0.9775019138024064,-0.005740098913509149,-0.03236107325051599,0.02064121,0.008252975000000001,0.028894185000000003,-0.495105815
39,long,2023-10-23 08:30:00+00:00,30547.1,2023-10-23 22:30:00+00:00,33104.3,0.085865544976927,12.333333333333332,31069.339999999997,tp3,1.982,1.078454,0.264432,0,28082.69,2023,13.636121702804815,-0.4777616070103455,0.024368435520460998,0.04720836870134682,0.00539227,0.00132216,0.00671443,1.98871443
40,long,2023-10-23 12:30:00+00:00,30675.0,2023-10-23 22:30:00+00:00,32727.87,0.0802154496575572,15.5,31069.339999999997,tp3,1.977,1.0062,0.247032,1,28705.86,2023,13.298975774483319,-0.6640174111672481,0.03615053469718625,0.0592531686296725,0.005031,0.00123516,0.00626616,1.9832661600000001
41,long,2023-10-23 16:30:00+00:00,30796.1,2023-10-23 22:30:00+00:00,32932.98,0.077053439778966,14.5,31069.339999999997,tp3,1.982,0.971132,0.0,2,28682.85,2023,12.982335769845472,-0.4782644125455028,0.029697282177318807,0.052656030520165355,0.00485566,0.0,0.00485566,1.98685566
42,long,2023-10-25 12:30:00+00:00,34386.1,2023-10-25 17:00:00+00:00,34386.1,0.081383056557613,14.5,34386.1,be,0.283,2.708968,0.187938,2,32026.5,2023,1.5614287536660867,-0.2035116229581025,0.004353503305114694,0.016646261134586404,0.01354484,0.00093969,0.01448453,0.29748452999999997
43,long,2023-10-25 00:30:00+00:00,33826.4,2023-10-25 21:30:00+00:00,34597.93,0.0922544191184591,13.333333333333332,34597.93,sl,0.91,3.07151,0.52575,0,31302.1,2023,2.6995619786704377,-0.28100564177267623,-0.0017957721748092265,0.010421721761966676,0.01535755,0.0026287500000000004,0.0179863,0.9279863
44,long,2023-10-25 04:30:00+00:00,34098.7,2023-10-25 21:30:00+00:00,34597.93,0.0777442772517352,15.0,34597.93,sl,0.734,2.593586,0.443058,1,31836.82,2023,2.1411811023421876,-0.8155847730770206,-0.0017957721748092265,0.010421721761966676,0.01296793,0.00221529,0.01518322,0.74918322
45,long,2023-10-25 20:30:00+00:00,34739.6,2023-10-26 11:30:00+00:00,34023.59,0.0801886673635995,15.5,34023.59,sl,-1.069,3.421866,0.554011,2,32509.54,2023,0.20414984573744344,-1.4989049337272358,0.014049369863674058,0.020471384706904888,0.01710933,0.002770055,0.019879385,-1.0491206149999999
46,long,2023-10-28 08:30:00+00:00,34089.3,2023-10-28 12:30:00+00:00,34113.490000000005,0.200614227212183,14.333333333333332,34113.490000000005,sl,0.274,6.618066,0.0,1,31722.87,2023,0.9926966078557115,-0.33365964650217056,0.038955556877938786,0.02703651839785368,0.03309033,0.0,0.03309033,0.30709033
47,long,2023-10-28 12:30:00+00:00,34176.9,2023-10-28 12:30:00+00:00,33927.2,0.2305160650493739,15.5,33927.2,sl,-1.17,9.787468,0.0,2,31982.96,2023,0.015538741204237125,-0.5051074356009372,0.044660331533401064,0.03267584710792538,0.04893734,0.0,0.04893734,-1.12106266
48,long,2023-10-28 04:30:00+00:00,34075.4,2023-10-29 21:30:00+00:00,34495.61,0.1137259731561822,13.833333333333334,34495.61,sl,-0.049,2.959584,1.212872,0,31624.43,2023,1.4196183425380993,-0.30637399749328986,0.013418808944094609,0.016735172968386437,0.014797919999999999,0.0060643599999999995,0.020862279999999997,-0.028137720000000005
49,long,2023-11-09 16:30:00+00:00,36584.8,2023-11-09 16:30:00+00:00,35833.82,0.1014329225327318,16.833333333333332,35833.82,sl,-1.06,4.558646,0.0,0,34422.31,2023,0.027929574075018643,-1.7900652015716114,0.018177799631744464,0.02244750908499282,0.02279323,0.0,0.02279323,-1.03720677
50,long,2023-11-10 04:30:00+00:00,36763.7,2023-11-10 20:00:00+00:00,37147.54,0.1262386897984794,17.5,37147.54,sl,0.689,4.525255,0.933329,0,34673.42,2023,1.3463469691083354,-0.7381777419924336,-0.04272261366432342,-0.014809594390368767,0.022626274999999998,0.004666645,0.02729292,0.7162929199999999
51,long,2023-11-11 00:30:00+00:00,37429.2,2023-11-11 22:00:00+00:00,36769.1,0.0862671607457577,18.0,36769.1,sl,-1.081,3.976346,0.640072,2,35360.2,2023,0.0001796018745987889,-1.4648328891424551,0.03059090377518087,0.01680215180681613,0.01988173,0.0032003599999999998,0.02308209,-1.05791791
52,long,2023-11-12 08:30:00+00:00,37167.2,2023-11-13 14:30:00+00:00,36613.6,0.1020230695172907,15.833333333333332,36613.6,sl,-1.103,4.680586,1.135166,2,34831.53,2023,0.5530941263564946,-1.142904442265083,0.0006718814866606546,-0.023829942972010403,0.02340293,0.00567583,0.02907876,-1.07392124
53,long,2023-11-10 20:30:00+00:00,37168.6,2023-11-13 21:00:00+00:00,36522.4,0.088134689050849,17.833333333333332,36522.4,sl,-0.433,2.546216,1.657681,1,35094.8,2023,0.7878310222551382,-1.449240124272362,0.0031706569119224265,-0.02139235099555349,0.012731079999999999,0.008288405,0.021019484999999997,-0.411980515
54,long,2023-11-10 12:30:00+00:00,36996.9,2023-11-13 21:30:00+00:00,36360.0,0.0889278149018013,16.5,36360.0,sl,-0.18,2.514947,2.005848,1,34765.87,2023,1.1034670143554413,-1.2155762104459007,0.007651265126512571,-0.017021452145214562,0.012574734999999998,0.01002924,0.022603975,-0.157396025
55,long,2023-11-25 20:30:00+00:00,37838.5,2023-11-26 12:00:00+00:00,37582.8,0.2920417444018033,16.5,37582.8,sl,-0.63,8.288561,1.107384,0,35556.72,2023,0.01012656964750931,-0.924005065556538,0.0038475047096011615,0.11771608288898108,0.041442805,0.00553692,0.046979725,-0.583020275
56,long,2023-12-02 12:30:00+00:00,38796.6,2023-12-02 19:00:00+00:00,39708.28,0.1833140801088563,17.166666666666664,38796.6,tp3,1.936,2.867068,0.710998,2,36547.9,2023,1.901484101987439,-0.15542475300552896,0.10267178533041467,0.10364387477876161,0.01433534,0.00355499,0.01789033,1.95389033
57,long,2023-12-02 00:30:00+00:00,38650.0,2023-12-03 03:00:00+00:00,39345.42,0.1340725100557473,17.833333333333332,39345.42,sl,1.354,3.588459,1.215421,0,36493.55,2023,2.1636763204452962,-0.010435737879961236,0.10071261153140573,0.04896834243985705,0.017942295,0.006077105,0.0240194,1.3780194000000001
58,long,2023-12-02 04:30:00+00:00,38792.6,2023-12-03 03:00:00+00:00,39345.42,0.0997687343936992,18.0,39345.42,sl,0.907,3.783601,1.035703,1,36648.23,2023,1.9086117530286586,-0.24711098236960555,0.10071261153140573,0.04896834243985705,0.018918005,0.005178515,0.024096520000000003,0.93109652
59,long,2023-12-03 12:30:00+00:00,39514.7,2023-12-04 01:30:00+00:00,40961.01,0.1187831123526156,17.5,39782.27,tp3,1.953,1.900378,0.78991,2,37268.01,2023,2.48039156014602,-0.227794533541521,0.07931176501751287,0.013793361052376343,0.009501889999999999,0.00394955,0.013451439999999999,1.9664514400000002
60,long,2023-12-03 08:30:00+00:00,39480.3,2023-12-04 05:00:00+00:00,41113.08,0.1052267267293809,18.0,40229.509999999995,tp3,1.958,1.684661,0.69976,1,37297.92,2023,3.692669551698395,-0.16941975395121078,0.07531958199191098,0.010043518996873944,0.008423304999999999,0.0034988000000000003,0.011922104999999999,1.969922105
61,long,2023-12-02 20:30:00+00:00,39400.1,2023-12-04 06:00:00+00:00,41696.18,0.0743452798391604,17.0,40424.86,tp3,1.96,1.194445,1.081348,2,37094.04,2023,4.108815477420539,-0.2049118589976746,0.060281781208734155,-0.004081429042180849,0.005972225,0.00540674,0.011378965000000001,1.971378965
62,long,2023-12-05 00:30:00+00:00,41859.9,2023-12-06 02:00:00+00:00,43794.84,0.0717109158668009,13.0,43794.84,sl,1.549,2.115614,0.707297,0,38656.01,2023,4.328108182472795,-0.7706797954690742,0.0006612651170778659,-0.01700748307334829,0.01057807,0.003536485,0.014114555,1.5631145549999999
63,long,2023-12-05 16:30:00+00:00,42436.1,2023-12-06 02:00:00+00:00,43794.84,0.0561345832859783,13.0,43794.84,sl,1.399,1.666343,0.082241,1,39188.11,2023,3.356575396153659,-0.11738271596346268,0.0006612651170778659,-0.01700748307334829,0.008331715,0.000411205,0.00874292,1.40774292
64,long,2023-12-06 16:30:00+00:00,44029.1,2023-12-07 09:00:00+00:00,43015.77,0.0597218864563047,14.5,43015.77,sl,-1.062,3.223332,0.522903,1,41007.79,2023,0.23894389774023894,-1.8255924506581662,-0.04053559892104683,-0.024085817829135683,0.01611666,0.002614515,0.018731175000000003,-1.043268825
65,long,2023-12-06 20:30:00+00:00,44005.4,2023-12-07 09:00:00+00:00,43292.06,0.0848336335217444,17.5,43292.06,sl,-1.088,4.602881,0.742773,2,41503.38,2023,0.13534716360098178,-1.7903710580175314,-0.04665890234837518,-0.030314103787160988,0.023014405,0.0037138650000000002,0.026728270000000002,-1.06127173
66,long,2023-12-09 00:30:00+00:00,44302.8,2023-12-09 23:30:00+00:00,43466.09,0.0710608718124866,17.833333333333332,43466.09,sl,-1.076,3.872814,0.626861,2,41830.95,2023,0.1719175228373567,-1.481252301799072,-0.013095035693341524,-0.04764380693087415,0.01936407,0.003134305,0.022498375,-1.053501625
67,long,2023-12-06 12:30:00+00:00,43935.2,2023-12-11 02:00:00+00:00,42755.83,0.0684245922092001,12.5,42755.83,sl,-0.58,2.230689,0.905077,0,40437.96,2023,1.2880055183358352,-5.764505571786936,-0.018152612170083113,-0.010708013386712449,0.011153445,0.004525385,0.015678829999999998,-0.5643211699999999
68,long,2023-12-08 20:30:00+00:00,44066.0,2023-12-11 02:00:00+00:00,43111.0,0.0622641437415903,16.0,43111.0,sl,-0.326,2.048877,1.098822,1,41325.65,2023,1.0846444057475029,-5.946932893003507,-0.026241562478253877,-0.018858296026536152,0.010244385,0.00549411,0.015738494999999998,-0.310261505
69,long,2023-12-14 08:30:00+00:00,42998.1,2023-12-14 13:30:00+00:00,41758.69,0.063430600007277,12.0,41758.69,sl,-0.432,2.356986,0.0,0,39432.84,2023,0.6261446368511282,-2.8267967987278997,0.0221489227751157,0.05391237129325651,0.01178493,0.0,0.01178493,-0.42021506999999997
70,long,2023-12-21 04:30:00+00:00,43671.8,2023-12-22 07:00:00+00:00,44024.2,0.1006381097268015,14.166666666666668,44024.2,sl,0.564,4.278594,1.325054,0,40604.5,2023,1.2346641383891812,-0.4357728681934734,-0.03344069852490215,-0.0419541979184176,0.02139297,0.00662527,0.02801824,0.5920182399999999
71,long,2023-12-21 08:30:00+00:00,43974.0,2023-12-24 22:00:00+00:00,43084.21,0.0660269060566235,14.166666666666668,43084.21,sl,-0.293,2.169809,0.88743,1,40885.47,2023,0.764202712221409,-2.2011912088969883,-0.01107621562516753,0.026721854711969906,0.010849045,0.00443715,0.015286194999999999,-0.277713805
72,long,2023-12-21 12:30:00+00:00,44132.0,2023-12-24 22:00:00+00:00,43259.67,0.0673448994350801,14.666666666666666,43259.67,sl,-0.48,2.215249,0.905145,2,41138.04,2023,0.5207951142473569,-2.433982196712047,-0.01508726257042641,0.022557499860724823,0.011076245,0.0045257249999999995,0.01560197,-0.46439802999999996
73,long,2023-12-28 00:30:00+00:00,43619.9,2023-12-28 14:30:00+00:00,42584.57,0.0567377409485899,14.666666666666666,42584.57,sl,-0.479,1.851171,0.061036,1,40660.69,2023,0.353841386524234,-1.7259014319185224,0.038768267473406455,0.03692018024368928,0.009255855,0.00030518,0.009561035,-0.469438965
74,long,2023-12-27 16:30:00+00:00,43192.0,2023-12-28 15:30:00+00:00,42447.9,0.1052736904224154,13.666666666666666,42447.9,sl,-0.098,3.412588,0.572452,0,40047.41,2023,1.023325632861332,-1.1713382072873566,0.042112801811161414,0.04025876427337987,0.01706294,0.0028622599999999997,0.019925199999999997,-0.0780748
0,long,2024-02-12 00:30:00+00:00,48740.1,2024-02-12 06:30:00+00:00,47814.92,0.0864697564343621,17.5,47814.92,sl,-1.065,5.184181,0.0,0,45968.88,2024,0.2118488982982954,-1.4168774298296873,0.09070139613325726,0.09353105683330644,0.025920904999999998,0.0,0.025920904999999998,-1.039079095
1,long,2024-02-13 04:30:00+00:00,49925.6,2024-02-13 14:00:00+00:00,48636.51,0.0615307506998391,12.583333333333336,48636.51,sl,-1.051,3.756665,0.308315,0,45977.84,2024,0.4987341365952886,-2.104674214125518,0.06284558657683284,0.06658968745907128,0.018783325,0.001541575,0.0203249,-1.0306750999999998
2,long,2024-02-13 08:30:00+00:00,50107.5,2024-02-13 14:00:00+00:00,48864.83,0.0478673081836223,13.5,48864.83,sl,-1.049,2.935681,0.0,1,46414.39,2024,0.2528890525965993,-2.3410684179366883,0.057879460544526536,0.06160606718574474,0.014678405,0.0,0.014678405,-1.034321595
3,long,2024-02-14 08:30:00+00:00,49780.7,2024-02-14 09:00:00+00:00,51461.3,0.1045938065672389,17.0,49780.7,tp3,1.964,2.106139,0.0,1,46867.06,2024,2.344418543786178,0.0,0.013866730922071508,-0.003043063428246193,0.010530695000000001,0.0,0.010530695000000001,1.974530695
4,long,2024-02-14 00:30:00+00:00,49564.3,2024-02-14 18:00:00+00:00,51561.77,0.061819415441718,12.833333333333332,51561.77,sl,0.332,2.260855,0.103488,0,45721.46,2024,3.436973486717311,-0.46629236602084456,0.01189117441080872,-0.004985670585009004,0.011304274999999999,0.00051744,0.011821714999999998,0.343821715
5,long,2024-02-15 16:30:00+00:00,52302.5,2024-02-15 21:30:00+00:00,51478.46,0.0721437157925667,17.5,51478.46,sl,-1.078,4.654199,0.0,2,49328.73,2024,0.18675170528652896,-1.2595779159036111,0.006535549043230942,-0.013682615991232073,0.023270995000000003,0.0,0.023270995000000003,-1.054729005
6,long,2024-02-15 12:30:00+00:00,52391.3,2024-02-17 13:30:00+00:00,51185.64,0.049314097116703,15.0,51185.64,sl,-1.079,3.167108,1.538968,1,48916.01,2024,0.6264119155767458,-1.6505864158089543,0.013471747154084578,0.010976906804330288,0.01583554,0.00769484,0.023530379999999997,-1.05546962
7,long,2024-02-16 04:30:00+00:00,52250.0,2024-02-17 13:30:00+00:00,51322.5,0.0636773107151049,15.833333333333332,51322.5,sl,-1.092,4.096911,1.323914,2,48966.5,2024,0.48246563284749017,-1.473257056463094,0.01076915582834034,0.008280968386185396,0.020484555,0.00661957,0.027104125,-1.0648958750000002
8,long,2024-02-15 08:30:00+00:00,51983.0,2024-02-17 14:30:00+00:00,50873.86,0.0714791557635613,15.5,50873.86,sl,-0.831,3.208094,2.230684,0,48646.03,2024,1.1593387829121695,-1.720838949716922,0.01968279977182774,0.017172669815107393,0.01604047,0.01115342,0.027193890000000002,-0.8038061099999999
9,long,2024-02-28 04:30:00+00:00,57124.9,2024-02-28 13:00:00+00:00,60793.17,0.0631455656566479,16.166666666666664,58356.14,tp3,1.978,1.473758,0.246973,0,53609.07,2024,4.677825486032652,-0.07484332492557923,0.039246678533131275,0.0997732146555279,0.007368789999999999,0.001234865,0.008603654999999998,1.986603655
10,long,2024-02-29 16:30:00+00:00,62283.2,2024-02-29 17:30:00+00:00,60757.41,0.0514051028337649,13.5,60757.41,sl,-1.05,3.919738,0.0,0,57692.7,2024,0.2849406555646158,-1.8598853699581253,0.12513025160223248,0.12192076653695402,0.019598690000000002,0.0,0.019598690000000002,-1.03040131
11,long,2024-03-01 20:30:00+00:00,62541.1,2024-03-04 00:30:00+00:00,62736.95,0.0561751418005845,15.5,62736.95,sl,-0.504,2.61619,1.138683,0,58526.36,2024,2.041070420941822,-1.3149958149350813,0.08652078240972828,0.13987052287368135,0.013080950000000001,0.005693414999999999,0.018774365,-0.485225635
12,long,2024-03-03 20:30:00+00:00,62866.9,2024-03-04 14:00:00+00:00,64667.380000000005,0.0486480861069905,18.0,64667.380000000005,sl,1.457,2.132151,0.5215,1,59391.76,2024,3.1335821897315266,-0.6756903551241635,0.05408631059430574,0.10584347162356036,0.010660755,0.0026075,0.013268255,1.4702682550000001
13,long,2024-03-04 04:30:00+00:00,63666.8,2024-03-04 14:00:00+00:00,64667.380000000005,0.0370481549336792,13.833333333333332,64667.380000000005,sl,0.714,2.309942,0.240802,1,59087.39,2024,2.249625937590449,-0.40619125982871446,0.05408631059430574,0.10584347162356036,0.01154971,0.00120401,0.01275372,0.7267537199999999
14,long,2024-03-05 08:30:00+00:00,66656.6,2024-03-05 15:00:00+00:00,67199.83,0.0441192976634842,12.333333333333332,67199.83,sl,0.5,2.864823,0.0,0,61279.03,2024,2.7538250008166294,-0.5219015739846958,0.017478764455207588,0.08829144359442573,0.014324115,0.0,0.014324115,0.514324115
15,long,2024-03-07 20:30:00+00:00,67884.7,2024-03-08 15:30:00+00:00,67884.7,0.0499237951200217,14.0,67884.7,be,0.283,3.281345,0.669089,0,63060.04,2024,2.411581678304147,-1.0840382964068243,0.053433247845243524,-0.03761525056456021,0.016406725,0.0033454450000000003,0.01975217,0.30275217
16,long,2024-03-09 20:30:00+00:00,68368.8,2024-03-10 04:00:00+00:00,69524.7,0.1536451726252224,16.5,68570.34,tp3,1.911,4.225494,1.050294,2,64245.95,2024,1.3845127235524803,-0.10569925273907575,0.028024572561981695,-0.027052256248498777,0.021127470000000002,0.00525147,0.026378940000000003,1.93737894
17,long,2024-03-09 04:30:00+00:00,68258.7,2024-03-10 11:30:00+00:00,69438.88,0.0913228208827577,17.166666666666664,69438.88,sl,1.371,4.313126,2.295784,0,64302.35,2024,1.7435515735105704,-0.27102654373593627,0.0292951153590035,-0.025849783291435724,0.02156563,0.011478919999999998,0.03304455,1.40404455
18,long,2024-03-09 08:30:00+00:00,68445.8,2024-03-10 11:30:00+00:00,69438.88,0.0647889324453371,17.5,69438.88,sl,0.965,4.335698,1.18529,1,64554.17,2024,1.555026583816425,-0.45404458390597896,0.0292951153590035,-0.025849783291435724,0.021678489999999998,0.00592645,0.027604939999999998,0.99260494
19,long,2024-03-10 04:30:00+00:00,69463.3,2024-03-10 22:30:00+00:00,68166.2,0.0463679342756794,18.0,68166.2,sl,-1.077,3.962936,0.645896,2,65623.52,2024,0.547556503540798,-1.2980514991150056,0.048512312553729106,-0.007662155144338439,0.01981468,0.0032294800000000003,0.02304416,-1.05395584
20,long,2024-03-10 12:30:00+00:00,69799.2,2024-03-10 22:30:00+00:00,68466.26,0.0456792080216412,17.833333333333332,68466.26,sl,-1.07,3.921533,0.318362,1,65904.8,2024,0.11942428510045536,-1.615309765890995,0.04391710603149655,-0.012011171634028215,0.019607665,0.00159181,0.021199475,-1.048800525
21,long,2024-03-10 16:30:00+00:00,69695.2,2024-03-10 22:30:00+00:00,68580.41,0.0546111540115137,17.5,68580.41,sl,-1.077,4.693745,0.0,2,65732.53,2024,0.14911729979672422,-1.5174083831836822,0.04217953785928084,-0.013655648894487643,0.023468725,0.0,0.023468725,-1.0535312749999999
22,long,2024-03-12 00:30:00+00:00,72201.5,2024-03-12 16:30:00+00:00,70143.78,0.0386971232488533,12.0,70143.78,sl,-1.05,3.408879,0.550807,0,66214.79,2024,1.1074895478798152,-1.9214175535599591,-0.06861021747045856,-0.03269398940290927,0.017044395,0.002754035,0.01979843,-1.03020157
23,long,2024-03-13 04:30:00+00:00,72141.2,2024-03-13 12:30:00+00:00,72786.02,0.049741089096016,15.333333333333336,72786.02,sl,0.555,3.496485,0.365983,0,67459.86,2024,1.499039613835155,-0.07221705107989353,-0.059816706559858705,-0.09960731470136715,0.017482425,0.001829915,0.01931234,0.5743123400000001
24,long,2024-03-13 12:30:00+00:00,73063.5,2024-03-13 13:30:00+00:00,71731.71,0.0445783346107253,17.833333333333332,71731.71,sl,-1.068,4.008974,0.0,1,68986.97,2024,0.06201272759238076,-1.2788054908109363,-0.045997927555330956,-0.08637337657223013,0.020044870000000003,0.0,0.020044870000000003,-1.04795513
25,long,2024-03-14 08:30:00+00:00,73593.9,2024-03-14 12:00:00+00:00,72437.31,0.0510866300387488,17.833333333333332,72437.31,sl,-1.078,4.63754,0.0,2,69487.77,2024,0.017720718292723665,-1.0976797511523912,-0.06617321929817664,-0.11902029492812467,0.023187700000000002,0.0,0.023187700000000002,-1.0548123
26,long,2024-03-14 00:30:00+00:00,73184.2,2024-03-14 13:30:00+00:00,72032.48,0.0684215816074346,17.5,72032.48,sl,-1.085,6.176481,0.503541,0,69023.16,2024,0.7025091084721222,-1.5470264650741916,-0.06092501604831601,-0.11406909771814039,0.030882404999999998,0.0025177050000000003,0.03340011,-1.0515998899999999
27,long,2024-03-14 04:30:00+00:00,73384.4,2024-03-14 13:30:00+00:00,72228.53,0.0511268856971769,17.5,72228.53,sl,-1.085,4.627844,0.376263,1,69211.97,2024,0.5172000236915967,-1.7261985912937157,-0.06347394859067469,-0.11647378120529375,0.02313922,0.0018813150000000002,0.025020535,-1.059979465
28,long,2024-03-18 12:30:00+00:00,68424.2,2024-03-18 14:30:00+00:00,67168.95,0.0614188007575016,13.666666666666666,67168.95,sl,-0.965,4.144633,0.0,0,63442.58,2024,0.257500871087422,-1.724597592929603,-0.04992113171338832,0.04283303520451046,0.020723164999999998,0.0,0.020723164999999998,-0.9442768349999999
29,long,2024-06-04 20:30:00+00:00,70284.1,2024-06-07 12:30:00+00:00,71262.51999999999,0.0497342797164505,14.5,71262.51999999999,sl,0.676,3.418174,2.829399,0,65461.16,2024,1.802821117085603,-0.13390363223087973,-0.05593711813727591,-0.07126495105702114,0.01709087,0.014146995,0.031237865000000004,0.7072378650000001
30,long,2024-06-05 00:30:00+00:00,70660.5,2024-06-07 12:30:00+00:00,71262.51999999999,0.0423367343581194,16.0,71262.51999999999,sl,0.542,2.913483,2.109397,1,66266.3,2024,1.43512595291987,-0.49128209618018737,-0.05593711813727591,-0.07126495105702114,0.014567414999999998,0.010546985,0.0251144,0.5671144
31,long,2024-06-07 16:30:00+00:00,71211.4,2024-06-07 17:00:00+00:00,70668.0,0.1064730224788681,17.5,70668.0,sl,-1.163,9.416866,0.0,1,67162.52,2024,0.03096319228191374,-0.7843694044829165,-0.04799484915378951,-0.06345163298805682,0.04708433,0.0,0.04708433,-1.1159156700000001
32,long,2024-06-05 04:30:00+00:00,71089.9,2024-06-07 18:00:00+00:00,69481.07,0.03565696306108,15.0,69481.07,sl,-1.445,3.086906,2.0305,2,66374.27,2024,1.0204111588359477,-2.6034621467029124,-0.03173195231449377,-0.047452781023665964,0.01543453,0.0101525,0.02558703,-1.41941297
33,long,2024-06-09 20:30:00+00:00,69672.6,2024-06-10 09:30:00+00:00,69240.0,0.1755947133158783,14.333333333333332,69240.0,sl,-0.289,9.2643,1.239366,0,64836.03,2024,0.15138482252609675,-0.48647691215846134,-0.04648757943385331,-0.05912045060658579,0.0463215,0.0061968299999999995,0.05251833,-0.23648166999999998
34,short,2024-06-22 00:30:00+00:00,64030.1,2024-06-24 05:30:00+00:00,62270.5,0.1292111445913956,13.833333333333334,63320.81,tp3,-0.536,6.223505,0.883797,0,68635.64,2024,1.8893534650143147,-0.4921809871075333,0.029940340931901968,0.0028568905019230846,0.031117525,0.004418985,0.03553651,-0.50046349
35,short,2024-06-24 08:30:00+00:00,62703.7,2024-06-24 20:00:00+00:00,58824.49,0.0437654772249354,15.5,60720.759999999995,tp3,1.978,1.075066,0.177498,1,66728.87,2024,4.27042656453738,-0.26587648131079034,-0.026886930936417818,-0.055556962754798225,0.00537533,0.0008874899999999999,0.0062628200000000005,1.9842628199999999
36,short,2024-06-24 04:30:00+00:00,62709.6,2024-06-24 23:30:00+00:00,60320.130000000005,0.0384362355030969,14.5,60320.130000000005,sl,1.506,1.603589,0.396894,1,67012.78,2024,4.705570956355374,-0.2595267743151152,-0.0014252290238763391,-0.029384386273703218,0.008017945,0.0019844700000000003,0.010002415,1.516002415
37,short,2024-06-25 08:30:00+00:00,60700.1,2024-06-25 14:00:00+00:00,61720.42,0.0755040297933428,14.583333333333332,61720.42,sl,-1.075,5.809768,0.0,0,64841.58,2024,0.08339249732222853,-1.5534482867715418,0.012646057820086072,0.02488025842986803,0.02904884,0.0,0.02904884,-1.04595116
38,short,2024-06-26 16:30:00+00:00,61455.8,2024-06-27 01:00:00+00:00,61039.1,0.1577361011857833,14.5,61039.1,sl,0.777,9.31957,0.639446,0,65672.94,2024,0.8639242466509411,-0.05414567005472452,-0.029833336336872594,0.07267964304847215,0.04659785,0.0031972299999999997,0.049795080000000005,0.82679508
39,short,2024-06-27 08:30:00+00:00,60766.2,2024-06-27 12:00:00+00:00,61493.78,0.0792009518641798,15.5,61493.78,sl,-1.105,6.076432,0.0,2,64667.0,2024,0.07965110914827686,-0.8106712886646877,-0.02221883253883563,0.07953617422770232,0.03038216,0.0,0.03038216,-1.07461784
40,short,2024-06-26 20:30:00+00:00,60761.2,2024-06-27 13:30:00+00:00,61940.0,0.0487098212241885,15.5,61940.0,sl,-1.076,3.759874,0.592188,1,64661.68,2024,0.21728840456157383,-1.3604865126750316,-0.014854698094930554,0.08616725863739097,0.01879937,0.0029609400000000004,0.021760309999999998,-1.0542396900000002
41,short,2024-06-27 00:30:00+00:00,60808.5,2024-06-27 13:30:00+00:00,61940.0,0.0507379335373084,15.5,61940.0,sl,-1.074,3.916903,0.308315,2,64712.01,2024,0.26940934044320314,-1.3071383017646598,-0.014854698094930554,0.08616725863739097,0.019584515,0.001541575,0.02112609,-1.05287391
42,short,2024-07-04 20:30:00+00:00,58120.5,2024-07-05 04:00:00+00:00,54216.73,0.0579082954441254,14.583333333333332,57367.990000000005,tp3,1.98,1.316122,0.220133,0,62085.98,2024,5.558964586100092,-0.8098678796527965,-0.07033198055286621,-0.09157818997936613,0.00658061,0.001100665,0.0076812749999999996,1.987681275
43,short,2024-07-05 16:30:00+00:00,56560.8,2024-07-05 18:30:00+00:00,55502.89,0.1223354988119314,14.083333333333332,55502.89,sl,1.374,6.59305,0.0,0,60556.87,2024,0.9249049270368767,-0.5637142211431303,-0.04552934090459077,-0.06628321516230963,0.03296525,0.0,0.03296525,1.40696525
44,short,2024-07-07 16:30:00+00:00,56922.5,2024-07-08 06:00:00+00:00,55741.54,0.0794135383395369,14.25,55741.54,sl,1.361,3.04065,0.296228,0,60897.09,2024,3.181758962047236,-0.5361586254804568,-0.038021195682788826,-0.16658061474440783,0.01520325,0.00148114,0.01668439,1.37768439
45,long,2024-07-23 00:30:00+00:00,67544.0,2024-07-23 05:00:00+00:00,66543.0,0.0781528444216453,17.0,66543.0,sl,-0.579,4.586752,0.0,0,63590.69,2024,0.14132629645512865,-1.2083398346913554,0.020422884450655966,-0.02896022121034517,0.022933759999999997,0.0,0.022933759999999997,-0.5560662399999999
46,long,2024-07-27 16:30:00+00:00,68904.5,2024-07-27 20:00:00+00:00,67569.77,0.058340294472116,17.0,67569.77,sl,-1.423,4.913676,0.0,0,64871.56,2024,0.0639020990972115,-2.2401832052979676,-0.0437158510381196,-0.13968036297888842,0.024568379999999997,0.0,0.024568379999999997,-1.39843162
47,long,2024-07-28 20:30:00+00:00,68006.0,2024-07-29 12:00:00+00:00,69529.43,0.1192597023839483,16.333333333333336,69529.43,sl,1.699,5.621076,1.097616,0,63863.19,2024,1.8722082453523472,-0.19967585298900428,-0.11607214383894696,-0.1947323600955738,0.028105380000000003,0.005488079999999999,0.033593460000000006,1.7325934600000001
48,long,2024-07-29 00:30:00+00:00,68836.8,2024-07-29 13:30:00+00:00,69551.48,0.0463425965929454,17.0,69551.48,sl,0.656,3.110782,0.322531,1,64807.82,2024,1.2696309336129192,-0.49140703468504077,-0.11635237668558593,-0.194987655187208,0.015553909999999999,0.0016126550000000002,0.017166564999999998,0.673166565
49,long,2024-07-29 12:30:00+00:00,69705.5,2024-07-29 14:30:00+00:00,68154.84,0.037732954942872,14.833333333333332,68154.84,sl,-1.055,3.226307,0.0,2,65029.75,2024,0.4160394408683631,-1.6351295131949912,-0.0982445267276689,-0.17849121206945823,0.016131535,0.0,0.016131535,-1.038868465
50,long,2024-07-29 04:30:00+00:00,69331.7,2024-07-29 15:00:00+00:00,67804.0,0.0380790923281557,15.0,67804.0,sl,-1.06,3.239028,0.265019,2,64732.7,2024,0.7807164443958411,-1.6583922087613598,-0.09357854993805675,-0.17424045779010083,0.01619514,0.001325095,0.017520235000000002,-1.042479765
51,long,2024-09-27 12:30:00+00:00,65423.1,2024-09-27 17:00:00+00:00,65756.31000000001,0.0814502703915209,15.416666666666668,65756.31000000001,sl,0.496,5.175259,0.358652,0,61200.66,2024,1.1270867069696202,-0.10121072170344375,-0.07552598374209275,-0.05659243956967797,0.025876294999999997,0.00179326,0.027669555,0.523669555
52,long,2024-09-28 04:30:00+00:00,66060.2,2024-09-28 21:00:00+00:00,65341.2,0.0809922610138128,15.0,65341.2,sl,-0.836,4.650656,1.063064,1,61678.21,2024,0.0034598752723758726,-0.7634113027440306,-0.07229282596585306,-0.03899989593089805,0.023253279999999998,0.00531532,0.0285686,-0.8074314
53,long,2024-09-27 16:30:00+00:00,66049.9,2024-09-30 01:30:00+00:00,64735.95,0.0442578964178598,15.5,64735.95,sl,-0.406,2.181823,0.908598,1,61809.92,2024,0.2986134431249574,-1.3738864583311736,-0.04127613791100611,-0.04039872744587822,0.010909115,0.00454299,0.015452105,-0.39054789500000003
54,long,2024-10-21 00:30:00+00:00,69410.3,2024-10-21 09:00:00+00:00,68256.01,0.066770776738168,15.5,68256.01,sl,-1.08,5.712298,0.457554,0,64954.61,2024,0.1401412605743274,-1.138659848356874,-0.02328307792969428,0.06595008996277406,0.02856149,0.00228777,0.03084926,-1.04915074
55,long,2024-10-29 00:30:00+00:00,69836.1,2024-10-29 12:30:00+00:00,71157.11,0.0459736164054712,14.5,71157.11,sl,0.819,3.151203,0.217955,0,65043.9,2024,1.7412293966481023,-0.08066505801266875,-0.025204930329520054,0.06243634683870654,0.015756015,0.001089775,0.016845790000000003,0.8358457899999999
56,long,2024-10-29 12:30:00+00:00,71242.9,2024-10-29 20:00:00+00:00,72098.48999999999,0.029128986469208,12.5,72098.48999999999,sl,0.584,2.027335,0.211766,1,65571.97,2024,2.3013030564254153,-0.30147456907946923,-0.03793269456822168,0.04856426258025659,0.010136675,0.00105883,0.011195505,0.595195505
57,long,2024-10-30 08:30:00+00:00,72526.4,2024-10-31 13:30:00+00:00,71445.88,0.0535613355909687,14.666666666666666,71445.88,sl,-0.543,3.137694,1.160375,1,67606.14,2024,0.47994042886344146,-1.3109844391356604,-0.050488285678614464,0.07093928999124921,0.01568847,0.005801875,0.021490345,-0.521509655
58,long,2024-10-30 04:30:00+00:00,72360.1,2024-10-31 14:00:00+00:00,71068.94,0.0597728629718425,15.0,71068.94,sl,-0.354,3.364402,1.728455,0,67560.21,2024,0.6355384670195446,-1.4493547177272446,-0.04545220457769604,0.07661940645238263,0.016822010000000002,0.008642275,0.025464285000000003,-0.328535715
59,long,2024-11-07 04:30:00+00:00,74899.9,2024-11-07 22:00:00+00:00,75849.35,0.0410581162122702,13.166666666666668,75849.35,sl,0.625,3.005142,0.618981,0,69239.74,2024,1.7861382537611465,-0.38018600286076265,0.17028557265157826,0.20139724335145903,0.015025710000000001,0.0030949050000000002,0.018120615,0.643120615
60,long,2024-11-07 08:30:00+00:00,75065.2,2024-11-07 22:00:00+00:00,75849.35,0.0413604491796192,14.333333333333332,75849.35,sl,0.651,3.027777,0.313066,1,69854.28,2024,1.634173020657608,-0.48636528250719596,0.17028557265157826,0.20139724335145903,0.015138885,0.00156533,0.016704214999999998,0.667704215
61,long,2024-11-07 12:30:00+00:00,75008.9,2024-11-07 22:00:00+00:00,75849.35,0.0816619761942423,14.166666666666668,75849.35,sl,1.317,4.221198,0.412077,2,69740.63,2024,1.685856081144398,-0.4362738505667274,0.17028557265157826,0.20139724335145903,0.02110599,0.002060385,0.023166375000000003,1.340166375
62,long,2024-11-08 08:30:00+00:00,75935.0,2024-11-08 15:30:00+00:00,76046.12,0.1284157326968771,15.0,76046.12,sl,0.334,9.441395,0.0,0,70897.98,2024,0.6416491117733432,-0.25318935701872985,0.1567717064328858,0.19171629006187296,0.047206975,0.0,0.047206975,0.381206975
63,long,2024-11-08 12:30:00+00:00,76035.0,2024-11-08 22:30:00+00:00,76385.70999999999,0.0899875194608664,14.666666666666666,76385.70999999999,sl,0.568,6.640118,0.685798,1,70876.72,2024,1.0479393398159047,-0.3412676834294594,0.1516290154271003,0.18641824498325674,0.03320059,0.0034289900000000002,0.03662958,0.60462958
64,long,2024-11-08 16:30:00+00:00,76210.3,2024-11-08 22:30:00+00:00,76385.70999999999,0.0808501550379292,15.0,76385.70999999999,sl,0.393,5.970064,0.0,1,71155.02,2024,0.8909003152047836,-0.33007415638576976,0.1516290154271003,0.18641824498325674,0.02985032,0.0,0.02985032,0.42285032
65,long,2024-11-09 08:30:00+00:00,76602.3,2024-11-09 17:00:00+00:00,76020.7,0.1013899830684774,15.0,76020.7,sl,-1.177,9.646466,0.771578,2,71521.01,2024,0.1254918835675773,-0.7885804655512284,0.18929712565130288,0.18257264139898743,0.048232330000000004,0.00385789,0.052090220000000007,-1.12490978
66,long,2024-11-08 20:30:00+00:00,76483.1,2024-11-10 04:30:00+00:00,78985.4,0.0705695127266322,15.5,76652.78,tp3,-0.475,4.005589,1.62622,2,71573.38,2024,2.798435790742724,-0.6850406279421174,0.1061196119789228,0.14622449212132885,0.020027945,0.0081311,0.028159045,-0.446840955
67,long,2024-11-09 00:30:00+00:00,76539.6,2024-11-10 04:30:00+00:00,79211.4,0.0662255451973088,15.333333333333332,76652.78,tp3,-0.497,3.759805,1.019229,1,71572.85,2024,2.746746966842024,-0.73415801930782,0.1029637148188267,0.14295417073805042,0.018799025,0.005096145,0.02389517,-0.47310483
68,long,2024-11-10 00:30:00+00:00,76823.7,2024-11-10 11:30:00+00:00,80183.7,0.0519717907743948,14.0,78549.92,tp3,1.97,1.620349,0.137009,2,71363.73,2024,2.9508857328591986,-0.1319555106352268,0.08958928061438928,0.12909481602869416,0.008101745,0.000685045,0.008786790000000001,1.97878679
69,long,2024-11-10 20:30:00+00:00,79508.2,2024-11-11 05:30:00+00:00,80645.71,0.0411103258402216,14.0,80645.71,sl,0.687,3.197626,0.221417,0,73857.44,2024,2.059280248082924,-0.8271447966412899,0.1299447918556361,0.1450255692460267,0.01598813,0.001107085,0.017095215,0.704095215
70,long,2024-11-12 16:30:00+00:00,86556.8,2024-11-12 22:00:00+00:00,87621.54,0.051817326514189,16.833333333333332,87621.54,sl,1.194,3.099955,0.0,0,81440.52,2024,2.6741296998601274,-0.02858038247992,0.03428220960279859,0.07639400083586764,0.015499775,0.0,0.015499775,1.209499775
71,long,2024-11-14 12:30:00+00:00,91336.0,2024-11-14 14:30:00+00:00,88951.01,0.0250742135351256,13.0,88951.01,sl,-1.047,2.799931,0.0,1,84345.28,2024,0.40752470854646333,-1.9320071517689577,0.01780744254618363,0.11237635188178308,0.013999655,0.0,0.013999655,-1.033000345
72,long,2024-11-14 00:30:00+00:00,90081.8,2024-11-14 15:30:00+00:00,87899.19,0.0365359072216921,13.833333333333332,87899.19,sl,-1.055,4.030295,0.333251,0,83602.42,2024,1.349145406979136,-1.6895100400468905,0.02998673821681403,0.1256872788020003,0.020151475,0.0016662550000000002,0.02181773,-1.03318227
73,long,2024-11-17 00:30:00+00:00,90860.8,2024-11-17 01:30:00+00:00,90125.0,0.1067814421358823,16.0,90125.0,sl,-1.153,12.045311,0.0,0,85210.39,2024,0.06969405865070175,-0.6138552066081616,0.09162718446601935,0.03194563106796123,0.060226555,0.0,0.060226555,-1.092773445
74,long,2024-11-20 16:30:00+00:00,93585.9,2024-11-21 02:00:00+00:00,94243.2,0.0572907408371996,18.0,94243.2,sl,0.582,5.214435,0.543518,0,88412.68,2024,1.0157600104617932,-0.34902608661578194,-0.013147898203796044,0.03484070999286951,0.026072175,0.0027175899999999998,0.028789765,0.6107897649999999
75,long,2024-11-20 20:30:00+00:00,94209.8,2024-11-21 13:00:00+00:00,97297.44,0.0326546508154147,18.0,97297.44,sl,1.532,2.149163,0.415314,1,89002.09,2024,3.025601103548212,-0.30582817626073827,-0.044125929726414145,0.0023562798774561257,0.010745815,0.0020765700000000002,0.012822385,1.544822385
76,long,2024-11-21 00:30:00+00:00,94870.2,2024-11-21 13:00:00+00:00,97297.44,0.0271252526454662,15.0,97297.44,sl,1.037,2.537588,0.175303,2,88577.14,2024,2.536590476571824,-0.5939354537858242,-0.044125929726414145,0.0023562798774561257,0.01268794,0.0008765149999999999,0.013564455,1.050564455
77,long,2024-11-22 08:30:00+00:00,99241.8,2024-11-24 12:30:00+00:00,96919.71,0.025643699590095,14.0,96919.71,sl,-1.078,3.118634,1.513277,2,92188.54,2024,0.3035978065575119,-1.875437855903141,-0.012555856801470035,-0.010659441717272993,0.01559317,0.007566385,0.023159555,-1.054840445
78,long,2024-11-22 04:30:00+00:00,98937.5,2024-11-24 15:30:00+00:00,96298.48,0.022566227202376,13.0,96298.48,sl,-0.731,1.669287,1.555621,1,91364.98,2024,0.5112896272360962,-2.0095550850677486,-0.0061857674181357075,-0.004277118392730499,0.008346435,0.007778105,0.01612454,-0.71487546
79,long,2024-11-22 00:30:00+00:00,98506.8,2024-11-25 14:30:00+00:00,95666.1,0.0279537072114121,12.0,95666.1,sl,-0.528,2.044395,1.929138,0,90338.94,2024,0.8074457627161856,-2.1201593100123852,0.019448895690322814,0.0026498414798972673,0.010221975000000001,0.00964569,0.019867665,-0.508132335
80,long,2024-11-30 20:30:00+00:00,96989.8,2024-12-01 01:30:00+00:00,96151.0,0.093241524188102,15.833333333333332,96151.0,sl,-0.661,7.319024,0.901473,0,90894.76,2024,0.04026905876083813,-0.6105510131226849,0.008600014560430929,0.012251562646254328,0.03659512,0.004507365,0.041102485,-0.619897515
81,long,2024-12-01 16:30:00+00:00,97293.1,2024-12-02 03:00:00+00:00,97504.01,0.0637566503207591,17.833333333333332,97504.01,sl,0.373,6.009615,0.620499,1,91864.69,2024,0.6754614401116198,-0.3243265138997576,0.023444061428858153,-0.009755598769732567,0.030048075,0.0031024950000000003,0.033150570000000004,0.40615057
82,long,2024-12-02 00:30:00+00:00,97323.0,2024-12-02 03:00:00+00:00,97504.01,0.0873863450292211,17.5,97504.01,sl,0.373,8.236172,0.0,2,91789.49,2024,0.6546012088417543,-0.02279396422051067,0.023444061428858153,-0.009755598769732567,0.04118086,0.0,0.04118086,0.41418086
83,long,2024-12-01 12:30:00+00:00,97019.3,2024-12-02 08:00:00+00:00,95750.0,0.0612915767231701,17.0,95750.0,sl,-0.43,4.49043,1.201956,0,91340.82,2024,0.8670805088992766,-1.253642931717653,0.04219216710182762,0.008384334203655383,0.02245215,0.00600978,0.02846193,-0.40153806999999997
84,long,2024-12-05 16:30:00+00:00,101377.3,2024-12-05 20:00:00+00:00,98580.82,0.0278485702086857,12.5,98580.82,sl,-1.044,3.447244,0.0,0,93307.67,2024,0.17744623895189346,-2.183729275472325,-0.01269841334247379,0.028757926744776476,0.01723622,0.0,0.01723622,-1.02676378
85,long,2024-12-14 12:30:00+00:00,101462.8,2024-12-14 20:30:00+00:00,100687.12,0.0995612495485982,17.166666666666664,100687.12,sl,-1.176,12.546115,1.009986,0,95581.9,2024,0.2041297319436895,-0.5868150067592675,-0.005348449732200003,-0.05504596814369105,0.062730575,0.00504993,0.06778050499999999,-1.108219495
86,long,2024-12-15 08:30:00+00:00,101742.1,2024-12-15 21:00:00+00:00,103002.27,0.089027288749535,17.666666666666668,103002.27,sl,1.399,6.244079,0.612185,0,96011.91,2024,1.19782827803466,-6.607249589632009e-05,-0.05439559730091395,-0.07927271894104862,0.031220395,0.003060925,0.034281320000000004,1.43328132
87,long,2024-12-15 12:30:00+00:00,102742.6,2024-12-16 00:30:00+00:00,106634.76,0.0443309136375665,18.0,103222.31,tp3,1.957,1.844875,0.612847,1,97063.22,2024,2.607479963617672,-0.1718167817038082,-0.08325108998229087,-0.07508302170886859,0.009224375,0.0030642350000000002,0.01228861,1.96928861
88,long,2024-12-15 16:30:00+00:00,103145.6,2024-12-16 08:00:00+00:00,104789.39,0.0343195815321326,17.833333333333332,104789.39,sl,1.278,2.450187,0.360793,2,97390.65,2024,2.334643284232076,-0.3555863368536194,-0.06710688935206127,-0.05879497914817518,0.012250935000000001,0.0018039649999999998,0.0140549,1.2920549000000001
89,long,2024-12-16 04:30:00+00:00,104633.7,2024-12-16 21:00:00+00:00,105673.3,0.0240226893237207,13.833333333333332,105673.3,sl,0.565,2.451214,0.508277,1,97107.64,2024,2.0663618631462155,-0.854093666905004,-0.07491012393859187,-0.06666773915454519,0.012256069999999999,0.0025413849999999997,0.014797455,0.5797974549999999
90,long,2024-12-16 08:30:00+00:00,104793.9,2024-12-16 21:00:00+00:00,105673.3,0.0269519971075946,16.0,105673.3,sl,0.549,2.750791,0.287816,1,98277.03,2024,1.9604373479369215,-0.9555536381292549,-0.07491012393859187,-0.06666773915454519,0.013753955,0.0014390800000000001,0.015193035,0.5641930350000001
91,long,2024-12-17 04:30:00+00:00,106520.8,2024-12-17 15:00:00+00:00,107175.3,0.0323074762579663,18.0,107175.3,sl,0.508,3.345474,0.34673,1,100632.57,2024,1.1995639728425542,-0.3871698744417645,-0.09261089075561259,-0.07249898064199499,0.01672737,0.00173365,0.018461019999999998,0.5264610200000001
92,long,2024-12-17 08:30:00+00:00,107322.0,2024-12-18 01:30:00+00:00,105111.58,0.0269261780506839,16.0,105111.58,sl,-0.659,2.324237,0.572714,2,100647.91,2024,0.6887591538530934,-1.5609828003976798,-0.0948219025915128,-0.08912795336156115,0.011621185000000001,0.0028635699999999997,0.014484755,-0.644515245
93,long,2024-12-16 20:30:00+00:00,106240.1,2024-12-18 05:30:00+00:00,103304.3,0.0202184987303042,12.0,103304.3,sl,-0.14,1.609829,0.861645,2,97431.03,2024,1.380346621246724,-1.9188178450289666,-0.07898606350364898,-0.07319250021538315,0.008049145,0.004308225,0.01235737,-0.12764263
94,long,2025-01-31 16:30:00+00:00,104760.0,2025-01-31 18:30:00+00:00,103863.0,0.0883324743490219,14.333333333333332,103863.0,sl,-1.145,11.483942,0.0,0,97487.71,2024,0.18910632555703305,-1.430970838113973,-0.05928001309417213,-0.07178879870598767,0.057419710000000006,0.0,0.057419710000000006,-1.08758029
95,short,2025-02-27 08:30:00+00:00,85923.7,2025-02-27 23:00:00+00:00,84677.97,0.0509904281683215,14.333333333333332,84677.97,sl,1.227,2.955945,0.432835,0,91888.4,2024,2.5455752936270852,-0.8761685992356387,-0.017564544827893273,-0.024569908796821638,0.014779724999999999,0.002164175,0.016943899999999998,1.2439439
96,short,2025-02-27 16:30:00+00:00,84885.5,2025-02-27 23:00:00+00:00,84677.97,0.0272802504701404,13.666666666666666,84677.97,sl,0.36,2.23062,0.0,1,91065.58,2024,1.7545253735984387,-0.0980411831421764,-0.017564544827893273,-0.024569908796821638,0.0111531,0.0,0.0111531,0.3711531
97,short,2025-03-10 04:30:00+00:00,82444.1,2025-03-10 22:00:00+00:00,79728.95999999999,0.0345493004239562,12.0,79728.95999999999,sl,1.364,1.897675,0.466528,0,89280.09,2024,4.110347369377128,-1.3094240905539984,-0.05292104650556098,-0.03695946867988753,0.009488375,0.00233264,0.011821015,1.375821015
98,short,2025-03-10 08:30:00+00:00,81994.0,2025-03-10 22:00:00+00:00,79728.95999999999,0.0261104203890094,12.0,79728.95999999999,sl,1.305,1.430331,0.138486,1,88792.67,2024,3.7638921387131075,-1.685630755885373,-0.05292104650556098,-0.03695946867988753,0.007151655,0.00069243,0.007844085,1.312844085
99,short,2025-03-11 08:30:00+00:00,80885.9,2025-03-11 08:30:00+00:00,81145.27,0.3120570492633476,14.25,81145.27,sl,-1.391,31.636254,0.0,0,86533.72,2024,0.06391089916114394,-0.5078797201219557,-0.03898107677748795,-0.06959161020722462,0.15818127,0.0,0.15818127,-1.23281873
100,long,2025-04-26 00:30:00+00:00,94670.1,2025-04-27 13:00:00+00:00,93591.03,0.074171150303053,17.5,93591.03,sl,-0.508,5.247246,0.705073,0,89287.43,2024,0.4326530327219805,-0.8035999296429998,0.03034339936209694,0.01183521540472413,0.02623623,0.003525365,0.029761595,-0.47823840500000003
101,long,2025-05-02 12:30:00+00:00,96743.9,2025-05-02 19:00:00+00:00,97085.36,0.1025335549198683,17.5,97085.36,sl,0.497,9.618668,0.666938,0,91243.32,2024,0.7810930379950094,-0.11743147711160566,-0.002949569327445462,0.07928013039247114,0.04809334,0.00333469,0.05142803,0.54842803
102,long,2025-05-02 16:30:00+00:00,97568.7,2025-05-03 06:00:00+00:00,96199.04,0.0437497916416667,18.0,96199.04,sl,-0.892,3.305628,0.422969,1,92175.32,2024,0.06793409691388021,-0.9860089867489618,0.008202368755447168,0.0819234786542569,0.01652814,0.0021148449999999997,0.018642985,-0.8733570150000001
103,long,2025-05-08 08:30:00+00:00,99499.9,2025-05-09 03:30:00+00:00,102355.64,0.0298373020119301,12.0,102355.64,sl,1.004,2.9348,0.505298,0,91249.7,2024,3.2118023217221374,-0.30058075536594325,0.016754914531334146,0.007088617686333627,0.014674,0.00252649,0.01720049,1.02120049
104,long,2025-05-09 20:30:00+00:00,103279.1,2025-05-11 02:30:00+00:00,103654.88,0.0389531260620861,17.5,103654.88,sl,0.406,3.9032,1.477916,1,97406.95,2024,1.1114632599879182,-0.38200854256671485,0.0005317646405069915,0.01816721026545007,0.019516,0.00738958,0.02690558,0.43290558
105,long,2025-05-11 04:30:00+00:00,104194.0,2025-05-12 07:30:00+00:00,104194.0,0.0458897870039568,17.833333333333332,104194.0,be,0.233,4.626079,1.432904,2,98380.56,2024,1.063315778801427,-0.6090468388984549,-0.007522506094400857,0.025089736453154664,0.023130394999999998,0.00716452,0.030294915,0.263294915
106,long,2025-05-09 12:30:00+00:00,103072.2,2025-05-12 08:00:00+00:00,104107.88,0.0347805581794472,15.5,104107.88,sl,0.55,3.495976,3.125135,0,96455.63,2024,1.8065249103228729,-0.5270416910472917,-0.006701510010577562,0.025937709998513008,0.01747988,0.015625675000000002,0.033105555,0.583105555
107,long,2025-05-10 08:30:00+00:00,103972.9,2025-05-12 08:00:00+00:00,104107.88,0.0469734753502621,17.0,104107.88,sl,0.279,4.729618,2.766398,2,97887.43,2024,1.2085288572437218,-0.7066130901356988,-0.006701510010577562,0.025937709998513008,0.02364809,0.01383199,0.03748008,0.31648008000000005
108,long,2025-05-13 00:30:00+00:00,102499.1,2025-05-13 23:00:00+00:00,104023.85,0.0447431589191638,14.583333333333332,104023.85,sl,0.149,3.700149,0.231143,0,95505.73,2024,1.6073454664699056,-0.7339563862928387,-0.00906186417826305,0.053688168626713884,0.018500745,0.0011557149999999999,0.01965646,0.16865646
109,long,2025-05-21 04:30:00+00:00,106772.1,2025-05-21 17:00:00+00:00,107242.79,0.0502359480091698,18.0,107242.79,sl,0.452,5.206965,0.899766,0,100869.98,2024,1.9271377860996888,-0.4849796584771141,0.016163417605976154,-0.015784650884222554,0.026034825,0.00449883,0.030533655,0.482533655
110,long,2025-05-21 12:30:00+00:00,106778.3,2025-05-21 17:00:00+00:00,107242.79,0.0554191465544832,17.0,107242.79,sl,1.071,4.064845,0.20147,1,100528.63,2024,1.9231226048100183,-0.3291978950650396,0.016163417605976154,-0.015784650884222554,0.020324225,0.00100735,0.021331575000000002,1.092331575
111,long,2025-05-22 08:30:00+00:00,110769.2,2025-05-23 12:00:00+00:00,107600.0,0.0258569268370815,12.0,107600.0,sl,-1.053,3.494146,0.862295,0,101584.59,2024,0.7275270161587196,-2.1274763996046,0.01174721189591078,-0.028196096654275037,0.01747073,0.004311475,0.021782205,-1.0312177949999999
112,long,2025-05-22 12:30:00+00:00,111225.9,2025-05-23 12:00:00+00:00,108109.63,0.0197209974421151,12.0,108109.63,sl,-1.054,2.677328,0.657669,1,102003.42,2024,0.44851597180423014,-2.3947646342539843,0.006977824269678801,-0.03277719107909257,0.01338664,0.003288345,0.016674985,-1.037325015
113,long,2025-05-22 16:30:00+00:00,111210.7,2025-05-23 12:00:00+00:00,108622.28,0.0237404327171733,14.0,108622.28,sl,-1.061,3.235715,0.527693,2,103306.8,2024,0.4577652196229307,-2.3859039989088324,0.002225326148558115,-0.03734206278859174,0.016178575,0.002638465,0.01881704,-1.0421829599999999
114,long,2025-05-24 00:30:00+00:00,107190.7,2025-05-24 01:00:00+00:00,108343.72,0.1841070222343184,14.333333333333332,108343.72,sl,1.858,19.230685,0.0,0,99749.67,2024,0.38274336689598604,0.0,-0.005582418621033198,-0.025191307811841857,0.096153425,0.0,0.096153425,1.954153425
115,long,2025-07-12 08:30:00+00:00,117814.3,2025-07-12 15:30:00+00:00,117101.9,0.0856746577744238,17.5,117101.9,sl,-1.206,12.553038,0.0,2,111115.72,2024,0.21728029514560943,-0.5398913216039218,0.01301772217188627,0.0016097091507481947,0.06276519,0.0,0.06276519,-1.14323481
116,long,2025-07-12 00:30:00+00:00,117492.0,2025-07-13 21:30:00+00:00,118624.48,0.0499522267676354,17.166666666666664,118624.48,sl,-0.204,4.395976,1.175035,0,110682.03,2024,1.134524623548932,-0.35696702437448885,0.0050092527275989,-0.010381331070955978,0.02197988,0.005875175,0.027855055,-0.176144945
117,long,2025-07-12 04:30:00+00:00,117833.3,2025-07-13 21:30:00+00:00,118624.48,0.0496736894642689,17.5,118624.48,sl,-0.548,4.374855,1.168483,1,111133.64,2024,0.936527884858972,-0.550643710079119,0.0050092527275989,-0.010381331070955978,0.021874275000000002,0.005842415,0.027716690000000002,-0.52028331
118,long,2025-07-13 04:30:00+00:00,117721.9,2025-07-13 21:30:00+00:00,118624.48,0.0771370265396077,16.5,118624.48,sl,1.261,6.241587,1.214019,2,110622.91,2024,1.0010276262149178,-0.04751026725674743,0.0050092527275989,-0.010381331070955978,0.031207935,0.006070095,0.03727803,1.2982780299999999
119,long,2025-07-14 12:30:00+00:00,121800.0,2025-07-15 01:00:00+00:00,118926.1,0.0281939662796746,14.583333333333336,118926.1,sl,-0.831,2.959604,0.67648,0,113489.76,2024,0.16557523360447526,-1.6794847861947275,-0.009114904129539268,-0.00153624814065215,0.01479802,0.0033824,0.01818042,-0.81281958
120,long,2025-07-15 12:30:00+00:00,116923.9,2025-07-15 14:30:00+00:00,117195.91,0.0994537045050786,14.5,117195.91,sl,0.417,11.2652,0.0,0,108900.5,2024,0.9121905465740173,-0.6749152165783623,0.005513758969916291,0.013204300388981072,0.056326,0.0,0.056326,0.47332599999999997
121,short,2025-08-31 12:30:00+00:00,108356.0,2025-09-01 07:00:00+00:00,108069.77,0.0771536020693451,14.0,108069.77,sl,-0.489,6.288274,0.838282,0,116057.02,2024,0.7159360879813131,-0.523055212978379,-0.02362668117087694,-0.03174088369023082,0.03144137,0.00419141,0.03563278,-0.45336721999999996
122,short,2025-09-01 00:30:00+00:00,107768.0,2025-09-01 07:30:00+00:00,109199.1,0.0421568200733703,13.75,109199.1,sl,-1.095,5.742292,0.0,1,115566.48,2024,0.3530595945120444,-1.014578499070389,-0.013040400516121469,-0.021070686480016722,0.02871146,0.0,0.02871146,-1.06628854
123,short,2025-09-01 04:30:00+00:00,107432.3,2025-09-01 07:30:00+00:00,109199.1,0.0341437695511788,15.25,109199.1,sl,-1.077,4.648521,0.0,2,114441.82,2024,0.1441054727250475,-1.227806159709441,-0.013040400516121469,-0.021070686480016722,0.023242605,0.0,0.023242605,-1.0537573949999999
124,long,2025-10-07 00:30:00+00:00,124622.8,2025-10-07 07:00:00+00:00,123617.52,0.0789752280609567,17.5,123617.52,sl,-1.154,12.219281,0.0,0,117537.1,2024,0.21921870335415558,-0.5948680759324972,-0.10530562334529935,-0.10445299339446383,0.061096405,0.0,0.061096405,-1.092903595
125,short,2025-11-07 12:30:00+00:00,99886.6,2025-11-07 17:30:00+00:00,102510.72,0.0224796928382055,12.5,102510.72,sl,-1.052,2.868714,0.228164,1,107837.57,2024,0.4608694610565594,-1.8963082365932544,-0.004867588482453307,0.06781359061764462,0.014343570000000002,0.00114082,0.015484390000000002,-1.0365156100000001
126,short,2025-11-07 00:30:00+00:00,100873.3,2025-11-07 20:30:00+00:00,103549.8,0.029388992068985,12.333333333333332,103549.8,sl,-0.971,3.024262,0.597325,0,109011.32,2024,1.113913743337151,-1.997047750319137,0.005215847833602825,0.07716770095161939,0.015121309999999999,0.002986625,0.018107935,-0.952892065
127,short,2025-11-08 16:30:00+00:00,101796.9,2025-11-09 13:30:00+00:00,102633.4,0.0695197182808857,14.5,102633.4,sl,-0.673,6.216877,1.415654,1,108782.27,2024,0.36954264515300117,-0.7777168927746615,0.029273121615380513,0.10193562719348673,0.031084385000000003,0.00707827,0.038162655000000004,-0.634837345
128,short,2025-11-08 12:30:00+00:00,101941.8,2025-11-09 14:00:00+00:00,103294.0,0.0573522291740029,13.833333333333334,103294.0,sl,-0.439,5.140393,1.751711,0,109274.24,2024,0.4645688750069868,-1.2495550904907546,0.0354812477007377,0.10767905202625522,0.025701965000000004,0.008758555,0.03446052,-0.40453948
129,short,2025-11-14 04:30:00+00:00,98918.9,2025-11-14 14:30:00+00:00,96734.71,0.0273492909032963,12.166666666666668,96734.71,sl,0.815,2.568237,0.176631,0,107008.57,2024,3.0030067288311417,0.0,0.039383071495226546,0.12439392230565435,0.012841185,0.000883155,0.01372434,0.82872434
130,short,2025-11-15 12:30:00+00:00,95809.7,2025-11-16 02:00:00+00:00,95642.73,0.0597006916715388,14.666666666666666,95642.73,sl,0.333,5.518392,1.140148,2,102309.52,2024,0.7358759481740983,-0.4419605832903029,0.09472471143389567,0.07739877353981835,0.027591960000000002,0.005700739999999999,0.0332927,0.3662927
131,short,2025-11-16 04:30:00+00:00,95783.3,2025-11-16 09:30:00+00:00,96312.4,0.109984325263055,14.333333333333332,96312.4,sl,-1.245,13.229429,1.053912,2,102432.44,2024,0.12983845614039335,-0.5696048162353627,0.1010191834073286,0.0838137145372765,0.066147145,0.0052695599999999995,0.071416705,-1.173583295
132,short,2025-11-15 04:30:00+00:00,96050.0,2025-11-16 18:00:00+00:00,95425.1,0.0495867515318993,15.166666666666668,95425.1,sl,-0.282,3.613297,1.907618,0,102351.3,2024,1.6783140086883275,-0.38136501390085903,0.09266010724641635,0.07529465517982166,0.018066485,0.00953809,0.027604575,-0.25439542499999995
133,short,2025-11-15 08:30:00+00:00,95938.5,2025-11-16 18:00:00+00:00,95425.1,0.044497935769252,14.333333333333332,95425.1,sl,-0.417,3.241505,1.284943,1,102598.42,2024,1.6021371533271094,-0.4599356341324755,0.09266010724641635,0.07529465517982166,0.016207525,0.006424715,0.02263224,-0.39436775999999996
134,short,2025-11-16 12:30:00+00:00,95771.1,2025-11-16 18:00:00+00:00,95425.1,0.0697889346194574,13.666666666666666,95425.1,sl,1.053,4.547288,0.438497,2,102743.7,2024,1.4874363339012007,-0.05889099542933402,0.09266010724641635,0.07529465517982166,0.02273644,0.002192485,0.024928925,1.077928925
135,short,2025-11-17 16:30:00+00:00,93439.9,2025-11-18 08:00:00+00:00,91009.52,0.0296048075442028,12.0,91009.52,sl,0.915,2.618552,0.451502,0,101187.63,2024,3.0193073087498115,-0.6866247844717057,0.0693116500339745,0.006400649074953961,0.013092760000000002,0.00225751,0.015350270000000003,0.93035027
136,short,2025-11-18 16:30:00+00:00,93682.2,2025-11-18 16:30:00+00:00,93775.88,0.8296554215840908,14.166666666666668,93775.88,sl,-2.251,97.23654,0.0,0,100262.0,2024,0.3904298868867574,-0.08452975680070188,0.09676667390377999,0.035711528380218925,0.4861827,0.0,0.4861827,-1.7648172999999998
137,short,2025-11-19 12:30:00+00:00,91308.8,2025-11-19 21:00:00+00:00,90283.83,0.0490515911694107,15.5,90283.83,sl,0.711,4.289265,0.439682,0,97170.24,2024,2.015186783151248,-0.7639039186751863,0.038556516709581316,-0.011080278716576327,0.021446325000000002,0.00219841,0.023644735000000004,0.7346447349999999
138,short,2025-11-22 04:30:00+00:00,83960.6,2025-11-23 01:30:00+00:00,85707.79,0.0329463457998296,14.5,85707.79,sl,-1.076,3.518185,0.836112,1,89722.03,2024,0.40280995384410617,-1.7481519642679566,-0.06506304736127258,-0.006257424208464741,0.017590925,0.00418056,0.021771485,-1.0542285150000001
139,short,2025-11-22 08:30:00+00:00,84175.5,2025-11-23 01:30:00+00:00,85592.2,0.0406268629727531,15.333333333333332,85592.2,sl,-1.087,4.335167,0.689049,2,89637.76,2024,0.573403249135121,-1.5720672645159968,-0.06650138680861106,-0.007616348218646194,0.021675835,0.003445245,0.02512108,-1.06187892
140,short,2025-11-22 00:30:00+00:00,84854.7,2025-11-23 04:00:00+00:00,86408.08,0.0494136337990778,14.166666666666668,86408.08,sl,-1.086,5.32182,1.254018,0,90814.49,2024,1.1068890333148544,-1.5807154939687498,-0.056431296702808297,0.0018977391929087641,0.0266091,0.006270090000000001,0.03287919,-1.05312081
141,short,2025-12-02 00:30:00+00:00,86306.7,2025-12-02 14:00:00+00:00,88072.7,0.0425228639352703,14.0,88072.7,sl,-0.665,2.895228,0.36761,0,92440.64,2024,0.11083624366611665,-1.9240953810850503,-0.012633880873414771,-0.04427024492266048,0.01447614,0.00183805,0.01631419,-0.64868581
